1,亜 ,亞 ,,,ア,0
2,哀 ,,,,アイ、あわ-れ、あわ-れむ,
3,挨 ,,,,アイ,
4,愛 ,,,,アイ,
5,曖 ,,,,アイ,
6,悪 ,惡 ,,,アク、オ、わる-い,
7,握 ,,,,アク、にぎ-る,
8,圧 ,壓 ,,,アツ,
9,扱 ,,,,あつか-う,
10,宛 ,,,,あ-てる,
11,嵐 ,,,,あらし,
12,安 ,,,,アン、やす-い,
13,案 ,,,,アン,
14,暗 ,,,,アン、くら-い,
15,以 ,,,,イ,
16,衣 ,,,,イ、ころも,
17,位 ,,,,イ、くらい,
18,囲 ,圍 ,,,イ、かこ-む、かこ-う,
19,医 ,醫 ,,,イ,
20,依 ,,,,イ、（エ）,
21,委 ,,,,イ、ゆだ-ねる,
22,威 ,,,,イ,
23,為 ,爲 ,,,イ,
24,畏 ,,,,イ、おそ-れる,
25,胃 ,,,,イ,
26,尉 ,,,,イ,
27,異 ,,,,イ、こと,
28,移 ,,,,イ、うつ-る、うつ-す,
29,萎 ,,,,イ、な-える,
30,偉 ,,,,イ、えら-い,
31,椅 ,,,,イ,
32,彙 [4] ,,,,イ,
33,意 ,,,,イ,
34,違 ,,,,イ、ちが-う、ちが-える,
35,維 ,,,,イ,
36,慰 ,,,,イ、なぐさ-める、なぐさ-む,
37,遺 ,,,,イ、（ユイ）,
38,緯 ,,,,イ,
39,域 ,,,,イキ,
40,育 ,,,,イク、そだ-つ、そだ-てる、はぐく-む,
41,一 ,,,,イチ、イツ、ひと、ひと-つ,
42,壱 ,壹 ,,,イチ,
43,逸 ,逸 [6] ,,,イツ,
44,茨 [3] ,,,,（いばら）[7],
45,芋 ,,,,いも,
46,引 ,,,,イン、ひ-く、ひ-ける,
47,印 ,,,,イン、しるし,
48,因 ,,,,イン、よ-る,
49,咽 ,,,,イン,
50,姻 ,,,,イン,
51,員 ,,,,イン,
52,院 ,,,,イン,
53,淫 [4][8] ,,,,イン、みだ-ら,
54,陰 ,,,,イン、かげ、かげ-る,
55,飲 ,飮 ,,,イン、の-む,
56,隠 ,隱 ,,,イン、かく-す、かく-れる,
57,韻 ,,,,イン,
58,右 ,,,,ウ、ユウ、みぎ,
59,宇 ,,,,ウ,
60,羽 ,羽 [6] ,,,ウ、は、はね,
61,雨 ,,,,ウ、あめ、（あま）,
62,唄 ,,,,（うた）,
63,鬱 ,,,,ウツ,
64,畝 ,,,,うね,
65,浦 ,,,,うら,
66,運 ,,,,ウン、はこ-ぶ,
67,雲 ,,,,ウン、くも,
68,永 ,,,,エイ、なが-い,
69,泳 ,,,,エイ、およ-ぐ,
70,英 ,,,,エイ,
71,映 ,,,,エイ、うつ-る、うつ-す、は-える,
72,栄 ,榮 ,,,エイ、さか-える、は-え、は-える,
73,営 ,營 ,,,エイ、いとな-む,
74,詠 ,,,,エイ、よ-む,
75,影 ,,,,エイ、かげ,
76,鋭 ,銳 ,,,エイ、するど-い,
77,衛 ,衞 ,,,エイ,
78,易 ,,,,エキ、イ、やさ-しい,
79,疫 ,,,,エキ、（ヤク）,
80,益 ,益 [6] ,,,エキ、（ヤク）,
81,液 ,,,,エキ,
82,駅 ,驛 ,,,エキ,
83,悦 ,悅 ,,,エツ,
84,越 ,,,,エツ、こ-す、こ-える,
85,謁 ,謁 [6] ,,,エツ,
86,閲 ,閱 ,,,エツ,
87,円 ,圓 ,,,エン、まる-い,
88,延 ,,,,エン、の-びる、の-べる、の-ばす,
89,沿 ,,,,エン、そ-う,
90,炎 ,,,,エン、ほのお,
91,怨 ,,,,エン、オン,
92,宴 ,,,,エン,
93,媛 ,,,,エン,
94,援 ,,,,エン,
95,園 ,,,,エン、その,
96,煙 ,,,,エン、けむ-る、けむり、けむ-い,
97,猿 ,,,,エン、さる,
98,遠 ,,,,エン、（オン）、とお-い,
99,鉛 ,,,,エン、なまり,
100,塩 ,鹽 ,,,エン、しお,
101,演 ,,,,エン,
102,縁 ,緣 ,,,エン、ふち,
103,艶 ,艷 ,,,エン、つや,
104,汚 ,,,,オ、けが-す、けが-れる、けが-らわしい、よご-す、よご-れる、きたな-い,
105,王 ,,,,オウ,
106,凹 ,,,,オウ,
107,央 ,,,,オウ,
108,応 ,應 ,,,オウ、こた-える,
109,往 ,,,,オウ,
110,押 ,,,,オウ、お-す、お-さえる,
111,旺 ,,,,オウ,
112,欧 ,歐 ,,,オウ,
113,殴 ,毆 ,,,オウ、なぐ-る,
114,桜 ,櫻 ,,,オウ、さくら,
115,翁 ,,,,オウ,
116,奥 ,奧 ,,,オウ、おく,
117,横 ,橫 ,,,オウ、よこ,
118,岡 ,,,,（おか）[7],
119,屋 ,,,,オク、や,
120,億 ,,,,オク,
121,憶 ,,,,オク,
122,臆 [9] ,,,,オク,
123,虞 ,,,,おそれ,
124,乙 ,,,,オツ,
125,俺 ,,,,おれ,
126,卸 ,,,,おろ-す、おろし,
127,音 ,,,,オン、イン、おと、ね,
128,恩 ,,,,オン,
129,温 ,溫 ,,,オン、あたた-か、あたた-かい、あたた-まる、あたた-める,
130,穏 ,穩 ,,,オン、おだ-やか,
131,下 ,,,,カ、ゲ、した、しも、もと、さ-げる、さ-がる、くだ-る、くだ-す、くだ-さる、お-ろす、お-りる,
132,化 ,,,,カ、ケ、ば-ける、ば-かす,
133,火 ,,,,カ、ひ、（ほ）,
134,加 ,,,,カ、くわ-える、くわ-わる,
135,可 ,,,,カ,
136,仮 ,假 ,,,カ、（ケ）、かり,
137,何 ,,,,カ、なに、（なん）,
138,花 ,,,,カ、はな,
139,佳 ,,,,カ,
140,価 ,價 ,,,カ、あたい,
141,果 ,,,,カ、は-たす、は-てる、は-て,
142,河 ,,,,カ、かわ,
143,苛 ,,,,カ,
144,科 ,,,,カ,
145,架 ,,,,カ、か-ける、か-かる,
146,夏 ,,,,カ、（ゲ）、なつ,
147,家 ,,,,カ、ケ、いえ、や,
148,荷 ,,,,カ、に,
149,華 ,,,,カ、（ケ）、はな,
150,菓 ,,,,カ,
151,貨 ,,,,カ,
152,渦 ,,,,カ、うず,
153,過 ,,,,カ、す-ぎる、す-ごす、あやま-つ、あやま-ち,
154,嫁 ,,,,カ、よめ、とつ-ぐ,
155,暇 ,,,,カ、ひま,
156,禍 ,禍 [6] ,,,カ,
157,靴 ,,,,カ、くつ,
158,寡 ,,,,カ,
159,歌 ,,,,カ、うた、うた-う,
160,箇 ,,,,カ,
161,稼 ,,,,カ、かせ-ぐ,
162,課 ,,,,カ,
163,蚊 ,,,,か,
164,牙 [3] ,,,,ガ、（ゲ）、きば,
165,瓦 ,,,,ガ、かわら,
166,我 ,,,,ガ、われ、わ,
167,画 ,畫 ,,,ガ、カク,
168,芽 ,,,,ガ、め,
169,賀 ,,,,ガ,
170,雅 ,,,,ガ,
171,餓 ,,,,ガ,
172,介 ,,,,カイ,
173,回 ,,,,カイ、（エ）、まわ-る、まわ-す,
174,灰 ,,,,カイ、はい,
175,会 ,會 ,,,カイ、エ、あ-う,
176,快 ,,,,カイ、こころよ-い,
177,戒 ,,,,カイ、いまし-める,
178,改 ,,,,カイ、あらた-める、あらた-まる,
179,怪 ,,,,カイ、あや-しい、あや-しむ,
180,拐 ,,,,カイ,
181,悔 ,悔 [6] ,,,カイ、く-いる、く-やむ、くや-しい,
182,海 ,海 [6] ,,,カイ、うみ,
183,界 ,,,,カイ,
184,皆 ,,,,カイ、みな,
185,械 ,,,,カイ,
186,絵 ,繪 ,,,カイ、エ,
187,開 ,,,,カイ、ひら-く、ひら-ける、あ-く、あ-ける,
188,階 ,,,,カイ,
189,塊 ,,,,カイ、かたまり,
190,楷 ,,,,カイ,
191,解 ,,,,カイ、ゲ、と-く、と-かす、と-ける,
192,潰 ,,,,カイ、つぶ-す、つぶ-れる,
193,壊 ,壞 ,,,カイ、こわ-す、こわ-れる,
194,懐 ,懷 ,,,カイ、ふところ、なつ-かしい、なつ-かしむ、なつ-く、なつ-ける,
195,諧 ,,,,カイ,
196,貝 ,,,,かい,
197,外 ,,,,ガイ、ゲ、そと、ほか、はず-す、はず-れる,
198,劾 ,,,,ガイ,
199,害 ,,,,ガイ,
200,崖 ,,,,ガイ、がけ,
201,涯 ,,,,ガイ,
202,街 ,,,,ガイ、（カイ）、まち,
203,慨 ,慨 [6] ,,,ガイ,
204,蓋 ,,,,ガイ、ふた,
205,該 ,,,,ガイ,
206,概 ,槪 ,,,ガイ,
207,骸 [9] ,,,,ガイ,
208,垣 ,,,,かき,
209,柿 ,,,,かき,
210,各 ,,,,カク、おのおの,
211,角 ,,,,カク、かど、つの,
212,拡 ,擴 ,,,カク,
213,革 ,,,,カク、かわ,
214,格 ,,,,カク、（コウ）,
215,核 ,,,,カク,
216,殻 ,殼 ,,,カク、から,
217,郭 ,,,,カク,
218,覚 ,覺 ,,,カク、おぼ-える、さ-ます、さ-める,
219,較 ,,,,カク,
220,隔 ,,,,カク、へだ-てる、へだ-たる,
221,閣 ,,,,カク,
222,確 ,,,,カク、たし-か、たし-かめる,
223,獲 ,,,,カク、え-る,
224,嚇 ,,,,カク,
225,穫 ,,,,カク,
226,学 ,學 ,,,ガク、まな-ぶ,
227,岳 ,嶽 ,,,ガク、たけ,
228,楽 ,樂 ,,,ガク、ラク、たの-しい、たの-しむ,
229,額 ,,,,ガク、ひたい,
230,顎 ,,,,ガク、あご,
231,掛 ,,,,か-ける、か-かる、かかり,
232,潟 ,,,,かた,
233,括 ,,,,カツ,
234,活 ,,,,カツ,
235,喝 ,喝 [6] ,,,カツ,
236,渇 ,渴 ,,,カツ、かわ-く,
237,割 ,,,,カツ、わ-る、わり、わ-れる、さ-く,
238,葛 [4][8] ,,,,カツ、くず,
239,滑 ,,,,カツ、コツ、すべ-る、なめ-らか,
240,褐 ,褐 [6] ,,,カツ,
241,轄 ,,,,カツ,
242,且 ,,,,か-つ,
243,株 ,,,,かぶ,
244,釜 ,,,,かま,
245,鎌 ,,,,かま,
246,刈 ,,,,か-る,
247,干 ,,,,カン、ほ-す、ひ-る,
248,刊 ,,,,カン,
249,甘 ,,,,カン、あま-い、あま-える、あま-やかす,
250,汗 ,,,,カン、あせ,
251,缶 ,罐 ,,,カン,
252,完 ,,,,カン,
253,肝 ,,,,カン、きも,
254,官 ,,,,カン,
255,冠 ,,,,カン、かんむり,
256,巻 ,卷 ,,,カン、ま-く、まき,
257,看 ,,,,カン,
258,陥 ,陷 ,,,カン、おちい-る、おとしい-れる,
259,乾 ,,,,カン、かわ-く、かわ-かす,
260,勘 ,,,,カン,
261,患 ,,,,カン、わずら-う,
262,貫 ,,,,カン、つらぬ-く,
263,寒 ,,,,カン、さむ-い,
264,喚 ,,,,カン,
265,堪 ,,,,カン、た-える,
266,換 ,,,,カン、か-える、か-わる,
267,敢 ,,,,カン,
268,棺 ,,,,カン,
269,款 ,,,,カン,
270,間 ,,,,カン、ケン、あいだ、ま,
271,閑 ,,,,カン,
272,勧 ,勸 ,,,カン、すす-める,
273,寛 ,寬 ,,,カン,
274,幹 ,,,,カン、みき,
275,感 ,,,,カン,
276,漢 ,漢 [6] ,,,カン,
277,慣 ,,,,カン、な-れる、な-らす,
278,管 ,,,,カン、くだ,
279,関 ,關 ,,,カン、せき、かか-わる,
280,歓 ,歡 ,,,カン,
281,監 ,,,,カン,
282,緩 ,,,,カン、ゆる-い、ゆる-やか、ゆる-む、ゆる-める,
283,憾 ,,,,カン,
284,還 ,,,,カン,
285,館 ,館 [6] ,,,カン、やかた,
286,環 ,,,,カン,
287,簡 ,,,,カン,
288,観 ,觀 ,,,カン,
289,韓 [3] ,,,,カン,
290,艦 ,,,,カン,
291,鑑 ,,,,カン、かんが-みる,
292,丸 ,,,,ガン、まる、まる-い、まる-める,
293,含 ,,,,ガン、ふく-む、ふく-める,
294,岸 ,,,,ガン、きし,
295,岩 ,,,,ガン、いわ,
296,玩 ,,,,ガン,
297,眼 ,,,,ガン、（ゲン）、まなこ,
298,頑 ,,,,ガン,
299,顔 ,顏 ,,,ガン、かお,
300,願 ,,,,ガン、ねが-う,
301,企 ,,,,キ、くわだ-てる,
302,伎 ,,,,キ,
303,危 ,,,,キ、あぶ-ない、あや-うい、あや-ぶむ,
304,机 ,,,,キ、つくえ,
305,気 ,氣 ,,,キ、ケ,
306,岐 ,,,,キ,
307,希 ,,,,キ,
308,忌 ,,,,キ、い-む、い-まわしい,
309,汽 ,,,,キ,
310,奇 ,,,,キ,
311,祈 ,祈 [6] ,,,キ、いの-る,
312,季 ,,,,キ,
313,紀 ,,,,キ,
314,軌 ,,,,キ,
315,既 ,旣 ,,,キ、すで-に,
316,記 ,,,,キ、しる-す,
317,起 ,,,,キ、お-きる、お-こる、お-こす,
318,飢 ,,,,キ、う-える,
319,鬼 ,,,,キ、おに,
320,帰 ,歸 ,,,キ、かえ-る、かえ-す,
321,基 ,,,,キ、もと、もとい,
322,寄 ,,,,キ、よ-る、よ-せる,
323,規 ,,,,キ,
324,亀 ,龜 ,,,キ、かめ,
325,喜 ,,,,キ、よろこ-ぶ,
326,幾 ,,,,キ、いく,
327,揮 ,,,,キ,
328,期 ,,,,キ、（ゴ）,
329,棋 ,,,,キ,
330,貴 ,,,,キ、たっと-い、とうと-い、たっと-ぶ、とうと-ぶ,
331,棄 ,,,,キ,
332,毀 ,,,,キ,
333,旗 ,,,,キ、はた,
334,器 ,器 [6] ,,,キ、うつわ,
335,畿 ,,,,キ,
336,輝 ,,,,キ、かがや-く,
337,機 ,,,,キ、はた,
338,騎 ,,,,キ,
339,技 ,,,,ギ、わざ,
340,宜 ,,,,ギ,
341,偽 ,僞 ,,,ギ、いつわ-る、にせ,
342,欺 ,,,,ギ、あざむ-く,
343,義 ,,,,ギ,
344,疑 ,,,,ギ、うたが-う,
345,儀 ,,,,ギ,
346,戯 ,戲 ,,,ギ、たわむ-れる,
347,擬 ,,,,ギ,
348,犠 ,犧 ,,,ギ,
349,議 ,,,,ギ,
350,菊 ,,,,キク,
351,吉 ,,,,キチ、キツ,
352,喫 ,,,,キツ,
353,詰 ,,,,キツ、つ-める、つ-まる、つ-む,
354,却 ,,,,キャク,
355,客 ,,,,キャク、カク,
356,脚 ,,,,キャク、（キャ）、あし,
357,逆 ,,,,ギャク、さか、さか-らう,
358,虐 ,,,,ギャク、しいた-げる,
359,九 ,,,,キュウ、ク、ここの、ここの-つ,
360,久 ,,,,キュウ、（ク）、ひさ-しい,
361,及 ,,,,キュウ、およ-ぶ、およ-び、およ-ぼす,
362,弓 ,,,,キュウ、ゆみ,
363,丘 ,,,,キュウ、おか,
364,旧 ,舊 ,,,キュウ,
365,休 ,,,,キュウ、やす-む、やす-まる、やす-める,
366,吸 ,,,,キュウ、す-う,
367,朽 ,,,,キュウ、く-ちる,
368,臼 ,,,,キュウ、うす,
369,求 ,,,,キュウ、もと-める,
370,究 ,,,,キュウ、きわ-める,
371,泣 ,,,,キュウ、な-く,
372,急 ,,,,キュウ、いそ-ぐ,
373,級 ,,,,キュウ,
374,糾 ,,,,キュウ,
375,宮 ,,,,キュウ、グウ、（ク）、みや,
376,救 ,,,,キュウ、すく-う,
377,球 ,,,,キュウ、たま,
378,給 ,,,,キュウ,
379,嗅 [4] ,,,,キュウ、か-ぐ,
380,窮 ,,,,キュウ、きわ-める、きわ-まる,
381,牛 ,,,,ギュウ、うし,
382,去 ,,,,キョ、コ、さ-る,
383,巨 ,,,,キョ,
384,居 ,,,,キョ、い-る,
385,拒 ,,,,キョ、こば-む,
386,拠 ,據 ,,,キョ、コ,
387,挙 ,擧 ,,,キョ、あ-げる、あ-がる,
388,虚 ,虛 ,,,キョ、（コ）,
389,許 ,,,,キョ、ゆる-す,
390,距 ,,,,キョ,
391,魚 ,,,,ギョ、うお、さかな,
392,御 ,,,,ギョ、ゴ、おん,
393,漁 ,,,,ギョ、リョウ,
394,凶 ,,,,キョウ,
395,共 ,,,,キョウ、とも,
396,叫 ,,,,キョウ、さけ-ぶ,
397,狂 ,,,,キョウ、くる-う、くる-おしい,
398,京 ,,,,キョウ、ケイ,
399,享 ,,,,キョウ,
400,供 ,,,,キョウ、（ク）、そな-える、とも,
401,協 ,,,,キョウ,
402,況 ,,,,キョウ,
403,峡 ,峽 ,,,キョウ,
404,挟 ,挾 ,,,キョウ、はさ-む、はさ-まる,
405,狭 ,狹 ,,,キョウ、せま-い、せば-める、せば-まる,
406,恐 ,,,,キョウ、おそ-れる、おそ-ろしい,
407,恭 ,,,,キョウ、うやうや-しい,
408,胸 ,,,,キョウ、むね、（むな）,
409,脅 ,,,,キョウ、おびや-かす、おど-す、おど-かす,
410,強 ,,,,キョウ、ゴウ、つよ-い、つよ-まる、つよ-める、し-いる,
411,教 ,敎 ,,,キョウ、おし-える、おそ-わる,
412,郷 ,鄕 ,,,キョウ、ゴウ,
413,境 ,,,,キョウ、（ケイ）、さかい,
414,橋 ,,,,キョウ、はし,
415,矯 ,,,,キョウ、た-める,
416,鏡 ,,,,キョウ、かがみ,
417,競 ,,,,キョウ、ケイ、きそ-う、せ-る,
418,響 ,響 [6] ,,,キョウ、ひび-く,
419,驚 ,,,,キョウ、おどろ-く、おどろ-かす,
420,仰 ,,,,ギョウ、（コウ）、あお-ぐ、おお-せ,
421,暁 ,曉 ,,,ギョウ、あかつき,
422,業 ,,,,ギョウ、ゴウ、わざ,
423,凝 ,,,,ギョウ、こ-る、こ-らす,
424,曲 ,,,,キョク、ま-がる、ま-げる,
425,局 ,,,,キョク,
426,極 ,,,,キョク、ゴク、きわ-める、きわ-まる、きわ-み,
427,玉 ,,,,ギョク、たま,
428,巾 ,,,,キン,
429,斤 ,,,,キン,
430,均 ,,,,キン,
431,近 ,,,,キン、ちか-い,
432,金 ,,,,キン、コン、かね、（かな）,
433,菌 ,,,,キン,
434,勤 ,勤 [6] ,,,キン、（ゴン）、つと-める、つと-まる,
435,琴 ,,,,キン、こと,
436,筋 ,,,,キン、すじ,
437,僅 [4][8] ,,,,キン、わず-か,
438,禁 ,,,,キン,
439,緊 ,,,,キン,
440,錦 ,,,,キン、にしき,
441,謹 ,謹 [6] ,,,キン、つつし-む,
442,襟 ,,,,キン、えり,
443,吟 ,,,,ギン,
444,銀 ,,,,ギン,
445,区 ,區 ,,,ク,
446,句 ,,,,ク,
447,苦 ,,,,ク、くる-しい、くる-しむ、くる-しめる、にが-い、にが-る,
448,駆 ,驅 ,,,ク、か-ける、か-る,
449,具 ,,,,グ,
450,惧 [4][9] ,,,,グ,
451,愚 ,,,,グ、おろ-か,
452,空 ,,,,クウ、そら、あ-く、あ-ける、から,
453,偶 ,,,,グウ,
454,遇 ,,,,グウ,
455,隅 ,,,,グウ、すみ,
456,串 ,,,,くし,
457,屈 ,,,,クツ,
458,掘 ,,,,クツ、ほ-る,
459,窟 ,,,,クツ,
460,熊 ,,,,くま,
461,繰 ,,,,く-る,
462,君 ,,,,クン、きみ,
463,訓 ,,,,クン,
464,勲 ,勳 ,,,クン,
465,薫 ,薰 ,,,クン、かお-る,
466,軍 ,,,,グン,
467,郡 ,,,,グン,
468,群 ,,,,グン、む-れる、む-れ、（むら）,
469,兄 ,,,,ケイ、（キョウ）、あに,
470,刑 ,,,,ケイ,
471,形 ,,,,ケイ、ギョウ、かた、かたち,
472,系 ,,,,ケイ,
473,径 ,徑 ,,,ケイ,
474,茎 ,莖 ,,,ケイ、くき,
475,係 ,,,,ケイ、かか-る、かかり,
476,型 ,,,,ケイ、かた,
477,契 ,,,,ケイ、ちぎ-る,
478,計 ,,,,ケイ、はか-る、はか-らう,
479,恵 ,惠 ,,,ケイ、エ、めぐ-む,
480,啓 ,,,,ケイ,
481,掲 ,揭 ,,,ケイ、かか-げる,
482,渓 ,溪 ,,,ケイ,
483,経 ,經 ,,,ケイ、キョウ、へ-る,
484,蛍 ,螢 ,,,ケイ、ほたる,
485,敬 ,,,,ケイ、うやま-う,
486,景 ,,,,ケイ,
487,軽 ,輕 ,,,ケイ、かる-い、かろ-やか,
488,傾 ,,,,ケイ、かたむ-く、かたむ-ける,
489,携 ,,,,ケイ、たずさ-える、たずさ-わる,
490,継 ,繼 ,,,ケイ、つ-ぐ,
491,詣 ,,,,ケイ、もう-でる,
492,慶 ,,,,ケイ,
493,憬 ,,,,ケイ,
494,稽 [4][9] ,,,,ケイ,
495,憩 ,,,,ケイ、いこ-い、いこ-う,
496,警 ,,,,ケイ,
497,鶏 ,鷄 ,,,ケイ、にわとり,
498,芸 ,藝 ,,,ゲイ,
499,迎 ,,,,ゲイ、むか-える,
500,鯨 ,,,,ゲイ、くじら,
501,隙 [4] ,,,,ゲキ、すき,
502,劇 ,,,,ゲキ,
503,撃 ,擊 ,,,ゲキ、う-つ,
504,激 ,,,,ゲキ、はげ-しい,
505,桁 ,,,,けた,
506,欠 ,缺 ,,,ケツ、か-ける、か-く,
507,穴 ,,,,ケツ、あな,
508,血 ,,,,ケツ、ち,
509,決 ,,,,ケツ、き-める、き-まる,
510,結 ,,,,ケツ、むす-ぶ、ゆ-う、ゆ-わえる,
511,傑 ,,,,ケツ,
512,潔 ,,,,ケツ、いさぎよ-い,
513,月 ,,,,ゲツ、ガツ、つき,
514,犬 ,,,,ケン、いぬ,
515,件 ,,,,ケン,
516,見 ,,,,ケン、み-る、み-える、み-せる,
517,券 ,,,,ケン,
518,肩 ,,,,ケン、かた,
519,建 ,,,,ケン、（コン）、た-てる、た-つ,
520,研 ,硏 ,,,ケン、と-ぐ,
521,県 ,縣 ,,,ケン,
522,倹 ,儉 ,,,ケン,
523,兼 ,,,,ケン、か-ねる,
524,剣 ,劍 ,,,ケン、つるぎ,
525,拳 ,,,,ケン、こぶし,
526,軒 ,,,,ケン、のき,
527,健 ,,,,ケン、すこ-やか,
528,険 ,險 ,,,ケン、けわ-しい,
529,圏 ,圈 ,,,ケン,
530,堅 ,,,,ケン、かた-い,
531,検 ,檢 ,,,ケン,
532,嫌 ,,,,ケン、（ゲン）、きら-う、いや,
533,献 ,獻 ,,,ケン、（コン）,
534,絹 ,,,,ケン、きぬ,
535,遣 ,,,,ケン、つか-う、つか-わす,
536,権 ,權 ,,,ケン、（ゴン）,
537,憲 ,,,,ケン,
538,賢 ,,,,ケン、かしこ-い,
539,謙 ,,,,ケン,
540,鍵 ,,,,ケン、かぎ,
541,繭 ,,,,ケン、まゆ,
542,顕 ,顯 ,,,ケン,
543,験 ,驗 ,,,ケン、（ゲン）,
544,懸 ,,,,ケン、（ケ）、か-ける、か-かる,
545,元 ,,,,ゲン、ガン、もと,
546,幻 ,,,,ゲン、まぼろし,
547,玄 ,,,,ゲン,
548,言 ,,,,ゲン、ゴン、い-う、こと,
549,弦 ,,,,ゲン、つる,
550,限 ,,,,ゲン、かぎ-る,
551,原 ,,,,ゲン、はら,
552,現 ,,,,ゲン、あらわ-れる、あらわ-す,
553,舷 ,,,,ゲン,
554,減 ,,,,ゲン、へ-る、へ-らす,
555,源 ,,,,ゲン、みなもと,
556,厳 ,嚴 ,,,ゲン、（ゴン）、おごそ-か、きび-しい,
557,己 ,,,,コ、キ、おのれ,
558,戸 ,戶 ,,,コ、と,
559,古 ,,,,コ、ふる-い、ふる-す,
560,呼 ,,,,コ、よ-ぶ,
561,固 ,,,,コ、かた-める、かた-まる、かた-い,
562,股 ,,,,コ、また,
563,虎 ,,,,コ、とら,
564,孤 ,,,,コ,
565,弧 ,,,,コ,
566,故 ,,,,コ、ゆえ,
567,枯 ,,,,コ、か-れる、か-らす,
568,個 ,,,,コ,
569,庫 ,,,,コ、（ク）,
570,湖 ,,,,コ、みずうみ,
571,雇 ,,,,コ、やと-う,
572,誇 ,,,,コ、ほこ-る,
573,鼓 ,,,,コ、つづみ,
574,錮 ,,,,コ,
575,顧 ,,,,コ、かえり-みる,
576,五 ,,,,ゴ、いつ、いつ-つ,
577,互 ,,,,ゴ、たが-い,
578,午 ,,,,ゴ,
579,呉 ,吳 ,,,ゴ,
580,後 ,,,,ゴ、コウ、のち、うし-ろ、あと、おく-れる,
581,娯 ,娛 ,,,ゴ,
582,悟 ,,,,ゴ、さと-る,
583,碁 ,,,,ゴ,
584,語 ,,,,ゴ、かた-る、かた-らう,
585,誤 ,,,,ゴ、あやま-る,
586,護 ,,,,ゴ,
587,口 ,,,,コウ、ク、くち,
588,工 ,,,,コウ、ク,
589,公 ,,,,コウ、おおやけ,
590,勾 ,,,,コウ,
591,孔 ,,,,コウ,
592,功 ,,,,コウ、（ク）,
593,巧 ,,,,コウ、たく-み,
594,広 ,廣 ,,,コウ、ひろ-い、ひろ-まる、ひろ-める、ひろ-がる、ひろ-げる,
595,甲 ,,,,コウ、カン,
596,交 ,,,,コウ、まじ-わる、まじ-える、ま-じる、ま-ざる、ま-ぜる、か-う、か-わす,
597,光 ,,,,コウ、ひか-る、ひかり,
598,向 ,,,,コウ、む-く、む-ける、む-かう、む-こう,
599,后 ,,,,コウ,
600,好 ,,,,コウ、この-む、す-く,
601,江 ,,,,コウ、え,
602,考 ,,,,コウ、かんが-える,
603,行 ,,,,コウ、ギョウ、（アン）、い-く、ゆ-く、おこな-う,
604,坑 ,,,,コウ,
605,孝 ,,,,コウ,
606,抗 ,,,,コウ,
607,攻 ,,,,コウ、せ-める,
608,更 ,,,,コウ、さら、ふ-ける、ふ-かす,
609,効 ,,,,コウ、き-く,
610,幸 ,,,,コウ、さいわ-い、さち、しあわ-せ,
611,拘 ,,,,コウ,
612,肯 ,,,,コウ,
613,侯 ,,,,コウ,
614,厚 ,,,,コウ、あつ-い,
615,恒 ,恆 ,,,コウ,
616,洪 ,,,,コウ,
617,皇 ,,,,コウ、オウ,
618,紅 ,,,,コウ、（ク）、べに、くれない,
619,荒 ,,,,コウ、あら-い、あ-れる、あ-らす,
620,郊 ,,,,コウ,
621,香 ,,,,コウ、（キョウ）、か、かお-り、かお-る,
622,候 ,,,,コウ、そうろう,
623,校 ,,,,コウ,
624,耕 ,,,,コウ、たがや-す,
625,航 ,,,,コウ,
626,貢 ,,,,コウ、（ク）、みつ-ぐ,
627,降 ,,,,コウ、お-りる、お-ろす、ふ-る,
628,高 ,,,,コウ、たか-い、たか、たか-まる、たか-める,
629,康 ,,,,コウ,
630,控 ,,,,コウ、ひか-える,
631,梗 ,,,,コウ,
632,黄 ,黃 ,,,コウ、オウ、き、（こ）,
633,喉 ,,,,コウ、のど,
634,慌 ,,,,コウ、あわ-てる、あわ-ただしい,
635,港 ,,,,コウ、みなと,
636,硬 ,,,,コウ、かた-い,
637,絞 ,,,,コウ、しぼ-る、し-める、し-まる,
638,項 ,,,,コウ,
639,溝 ,,,,コウ、みぞ,
640,鉱 ,鑛 ,,,コウ,
641,構 ,,,,コウ、かま-える、かま-う,
642,綱 ,,,,コウ、つな,
643,酵 ,,,,コウ,
644,稿 ,,,,コウ,
645,興 ,,,,コウ、キョウ、おこ-る、おこ-す,
646,衡 ,,,,コウ,
647,鋼 ,,,,コウ、はがね,
648,講 ,,,,コウ,
649,購 ,,,,コウ,
650,乞 ,,,,こ-う,
651,号 ,號 ,,,ゴウ,
652,合 ,,,,ゴウ、ガッ、（カッ）、あ-う、あ-わす、あ-わせる,
653,拷 ,,,,ゴウ,
654,剛 ,,,,ゴウ,
655,傲 ,,,,ゴウ,
656,豪 ,,,,ゴウ,
657,克 ,,,,コク,
658,告 ,吿 ,,,コク、つ-げる,
659,谷 ,,,,コク、たに,
660,刻 ,,,,コク、きざ-む,
661,国 ,國 ,,,コク、くに,
662,黒 ,黑 ,,,コク、くろ、くろ-い,
663,穀 ,穀 [6] ,,,コク,
664,酷 ,,,,コク,
665,獄 ,,,,ゴク,
666,骨 ,,,,コツ、ほね,
667,駒 ,,,,こま,
668,込 ,,,,こ-む、こ-める,
669,頃 ,,,,ころ,
670,今 ,,,,コン、キン、いま,
671,困 ,,,,コン、こま-る,
672,昆 ,,,,コン,
673,恨 ,,,,コン、うら-む、うら-めしい,
674,根 ,,,,コン、ね,
675,婚 ,,,,コン,
676,混 ,,,,コン、ま-じる、ま-ざる、ま-ぜる、こ-む,
677,痕 ,,,,コン、あと,
678,紺 ,,,,コン,
679,魂 ,,,,コン、たましい,
680,墾 ,,,,コン,
681,懇 ,,,,コン、ねんご-ろ,
682,左 ,,,,サ、ひだり,
683,佐 ,,,,サ,
684,沙 ,,,,サ,
685,査 ,,,,サ,
686,砂 ,,,,サ、シャ、すな,
687,唆 ,,,,サ、そそのか-す,
688,差 ,,,,サ、さ-す,
689,詐 ,,,,サ,
690,鎖 ,,,,サ、くさり,
691,座 ,,,,ザ、すわ-る,
692,挫 ,,,,ザ,
693,才 ,,,,サイ,
694,再 ,,,,サイ、（サ）、ふたた-び,
695,災 ,,,,サイ、わざわ-い,
696,妻 ,,,,サイ、つま,
697,采 ,,,,サイ,
698,砕 ,碎 ,,,サイ、くだ-く、くだ-ける,
699,宰 ,,,,サイ,
700,栽 ,,,,サイ,
701,彩 ,,,,サイ、いろど-る,
702,採 ,,,,サイ、と-る,
703,済 ,濟 ,,,サイ、す-む、す-ます,
704,祭 ,,,,サイ、まつ-る、まつ-り,
705,斎 ,齋 ,,,サイ,
706,細 ,,,,サイ、ほそ-い、ほそ-る、こま-か、こま-かい,
707,菜 ,,,,サイ、な,
708,最 ,,,,サイ、もっと-も,
709,裁 ,,,,サイ、た-つ、さば-く,
710,債 ,,,,サイ,
711,催 ,,,,サイ、もよお-す,
712,塞 ,,,,サイ、ソク、ふさ-ぐ、ふさ-がる,
713,歳 ,歲 ,,,サイ、（セイ）,
714,載 ,,,,サイ、の-せる、の-る,
715,際 ,,,,サイ、きわ,
716,埼 ,,,,（さい）[7],
717,在 ,,,,ザイ、あ-る,
718,材 ,,,,ザイ,
719,剤 ,劑 ,,,ザイ,
720,財 ,,,,ザイ、（サイ）,
721,罪 ,,,,ザイ、つみ,
722,崎 ,,,,さき,
723,作 ,,,,サク、サ、つく-る,
724,削 ,,,,サク、けず-る,
725,昨 ,,,,サク,
726,柵 [9] ,,,,サク,
727,索 ,,,,サク,
728,策 ,,,,サク,
729,酢 ,,,,サク、す,
730,搾 ,,,,サク、しぼ-る,
731,錯 ,,,,サク,
732,咲 ,,,,さ-く,
733,冊 ,册 ,,,サツ、サク,
734,札 ,,,,サツ、ふだ,
735,刷 ,,,,サツ、す-る,
736,刹 ,,,,サツ、セツ,
737,拶 ,,,,サツ,
738,殺 ,殺 [6] ,,,サツ、（サイ）、（セツ）、ころ-す,
739,察 ,,,,サツ,
740,撮 ,,,,サツ、と-る,
741,擦 ,,,,サツ、す-る、す-れる,
742,雑 ,雜 ,,,ザツ、ゾウ,
743,皿 ,,,,さら,
744,三 ,,,,サン、み、み-つ、みっ-つ,
745,山 ,,,,サン、やま,
746,参 ,參 ,,,サン、まい-る,
747,桟 ,棧 ,,,サン,
748,蚕 ,蠶 ,,,サン、かいこ,
749,惨 ,慘 ,,,サン、ザン、みじ-め,
750,産 ,產 ,,,サン、う-む、う-まれる、うぶ,
751,傘 ,,,,サン、かさ,
752,散 ,,,,サン、ち-る、ち-らす、ち-らかす、ち-らかる,
753,算 ,,,,サン,
754,酸 ,,,,サン、す-い,
755,賛 ,贊 ,,,サン,
756,残 ,殘 ,,,ザン、のこ-る、のこ-す,
757,斬 ,,,,ザン、き-る,
758,暫 ,,,,ザン,
759,士 ,,,,シ,
760,子 ,,,,シ、ス、こ,
761,支 ,,,,シ、ささ-える,
762,止 ,,,,シ、と-まる、と-める,
763,氏 ,,,,シ、うじ,
764,仕 ,,,,シ、（ジ）、つか-える,
765,史 ,,,,シ,
766,司 ,,,,シ,
767,四 ,,,,シ、よ、よ-つ、よっ-つ、よん,
768,市 ,,,,シ、いち,
769,矢 ,,,,シ、や,
770,旨 ,,,,シ、むね,
771,死 ,,,,シ、し-ぬ,
772,糸 ,絲 ,,,シ、いと,
773,至 ,,,,シ、いた-る,
774,伺 ,,,,シ、うかが-う,
775,志 ,,,,シ、こころざ-す、こころざし,
776,私 ,,,,シ、わたくし、わたし,
777,使 ,,,,シ、つか-う,
778,刺 ,,,,シ、さ-す、さ-さる,
779,始 ,,,,シ、はじ-める、はじ-まる,
780,姉 ,,,,シ、あね,
781,枝 ,,,,シ、えだ,
782,祉 ,祉 [6] ,,,シ,
783,肢 ,,,,シ,
784,姿 ,,,,シ、すがた,
785,思 ,,,,シ、おも-う,
786,指 ,,,,シ、ゆび、さ-す,
787,施 ,,,,シ、セ、ほどこ-す,
788,師 ,,,,シ,
789,恣 [4][9] ,,,,シ,
790,紙 ,,,,シ、かみ,
791,脂 ,,,,シ、あぶら,
792,視 ,視 [6] ,,,シ,
793,紫 ,,,,シ、むらさき,
794,詞 ,,,,シ,
795,歯 ,齒 ,,,シ、は,
796,嗣 ,,,,シ,
797,試 ,,,,シ、こころ-みる、ため-す,
798,詩 ,,,,シ,
799,資 ,,,,シ,
800,飼 ,飼 [6] ,,,シ、か-う,
801,誌 ,,,,シ,
802,雌 ,,,,シ、め、めす,
803,摯 ,,,,シ,
804,賜 ,,,,シ、たまわ-る,
805,諮 ,,,,シ、はか-る,
806,示 ,,,,ジ、シ、しめ-す,
807,字 ,,,,ジ、あざ,
808,寺 ,,,,ジ、てら,
809,次 ,,,,ジ、シ、つ-ぐ、つぎ,
810,耳 ,,,,ジ、みみ,
811,自 ,,,,ジ、シ、みずか-ら,
812,似 ,,,,ジ、に-る,
813,児 ,兒 ,,,ジ、（ニ）,
814,事 ,,,,ジ、（ズ）、こと,
815,侍 ,,,,ジ、さむらい,
816,治 ,,,,ジ、チ、おさ-める、おさ-まる、なお-る、なお-す,
817,持 ,,,,ジ、も-つ,
818,時 ,,,,ジ、とき,
819,滋 ,,,,ジ,
820,慈 ,,,,ジ、いつく-しむ,
821,辞 ,辭 ,,,ジ、や-める,
822,磁 ,,,,ジ,
823,餌 [4][10] ,,,,ジ、えさ、え,
824,璽 ,,,,ジ,
825,鹿 ,,,,しか、（か）,
826,式 ,,,,シキ,
827,識 ,,,,シキ,
828,軸 ,,,,ジク,
829,七 ,,,,シチ、なな、なな-つ、（なの）,
830,𠮟-叱 [3] ,,,,シツ、しか-る,
831,失 ,,,,シツ、うしな-う,
832,室 ,,,,シツ、むろ,
833,疾 ,,,,シツ,
834,執 ,,,,シツ、シュウ、と-る,
835,湿 ,濕 ,,,シツ、しめ-る、しめ-す,
836,嫉 ,,,,シツ,
837,漆 ,,,,シツ、うるし,
838,質 ,,,,シツ、シチ、（チ）,
839,実 ,實 ,,,ジツ、み、みの-る,
840,芝 ,,,,しば,
841,写 ,寫 ,,,シャ、うつ-す、うつ-る,
842,社 ,社 [6] ,,,シャ、やしろ,
843,車 ,,,,シャ、くるま,
844,舎 ,舍 ,,,シャ,
845,者 ,者 [6] ,,,シャ、もの,
846,射 ,,,,シャ、い-る,
847,捨 ,,,,シャ、す-てる,
848,赦 ,,,,シャ,
849,斜 ,,,,シャ、なな-め,
850,煮 ,煮 [6] ,,,シャ、に-る、に-える、に-やす,
851,遮 ,,,,シャ、さえぎ-る,
852,謝 ,,,,シャ、あやま-る,
853,邪 ,,,,ジャ,
854,蛇 ,,,,ジャ、ダ、へび,
855,尺 ,,,,シャク,
856,借 ,,,,シャク、か-りる,
857,酌 ,,,,シャク、く-む,
858,釈 ,釋 ,,,シャク,
859,爵 ,,,,シャク,
860,若 ,,,,ジャク、（ニャク）、わか-い、も-しくは,
861,弱 ,,,,ジャク、よわ-い、よわ-る、よわ-まる、よわ-める,
862,寂 ,,,,ジャク、（セキ）、さび、さび-しい、さび-れる,
863,手 ,,,,シュ、て、（た）,
864,主 ,,,,シュ、（ス）、ぬし、おも,
865,守 ,,,,シュ、（ス）、まも-る、も-り,
866,朱 ,,,,シュ,
867,取 ,,,,シュ、と-る,
868,狩 ,,,,シュ、か-る、か-り,
869,首 ,,,,シュ、くび,
870,殊 ,,,,シュ、こと,
871,珠 ,,,,シュ,
872,酒 ,,,,シュ、さけ、（さか）,
873,腫 ,,,,シュ、は-れる、は-らす,
874,種 ,,,,シュ、たね,
875,趣 ,,,,シュ、おもむき,
876,寿 ,壽 ,,,ジュ、ことぶき,
877,受 ,,,,ジュ、う-ける、う-かる,
878,呪 ,,,,ジュ、のろ-う,
879,授 ,,,,ジュ、さず-ける、さず-かる,
880,需 ,,,,ジュ,
881,儒 ,,,,ジュ,
882,樹 ,,,,ジュ,
883,収 ,收 ,,,シュウ、おさ-める、おさ-まる,
884,囚 ,,,,シュウ,
885,州 ,,,,シュウ、す,
886,舟 ,,,,シュウ、ふね、（ふな）,
887,秀 ,,,,シュウ、ひい-でる,
888,周 ,,,,シュウ、まわ-り,
889,宗 ,,,,シュウ、ソウ,
890,拾 ,,,,シュウ、ジュウ、ひろ-う,
891,秋 ,,,,シュウ、あき,
892,臭 ,臭 [6] ,,,シュウ、くさ-い、にお-う,
893,修 ,,,,シュウ、（シュ）、おさ-める、おさ-まる,
894,袖 ,,,,シュウ、そで,
895,終 ,,,,シュウ、お-わる、お-える,
896,羞 ,,,,シュウ,
897,習 ,,,,シュウ、なら-う,
898,週 ,,,,シュウ,
899,就 ,,,,シュウ、（ジュ）、つ-く、つ-ける,
900,衆 ,,,,シュウ、（シュ）,
901,集 ,,,,シュウ、あつ-まる、あつ-める、つど-う,
902,愁 ,,,,シュウ、うれ-える、うれ-い,
903,酬 ,,,,シュウ,
904,醜 ,,,,シュウ、みにく-い,
905,蹴 ,,,,シュウ、け-る,
906,襲 ,,,,シュウ、おそ-う,
907,十 ,,,,ジュウ、ジッ、とお、と,
908,汁 ,,,,ジュウ、しる,
909,充 ,,,,ジュウ、あ-てる,
910,住 ,,,,ジュウ、す-む、す-まう,
911,柔 ,,,,ジュウ、ニュウ、やわ-らか、やわ-らかい,
912,重 ,,,,ジュウ、チョウ、え、おも-い、かさ-ねる、かさ-なる,
913,従 ,從 ,,,ジュウ、（ショウ）、（ジュ）、したが-う、したが-える,
914,渋 ,澁 ,,,ジュウ、しぶ、しぶ-い、しぶ-る,
915,銃 ,,,,ジュウ,
916,獣 ,獸 ,,,ジュウ、けもの,
917,縦 ,縱 ,,,ジュウ、たて,
918,叔 ,,,,シュク,
919,祝 ,祝 [6] ,,,シュク、（シュウ）、いわ-う,
920,宿 ,,,,シュク、やど、やど-る、やど-す,
921,淑 ,,,,シュク,
922,粛 ,肅 ,,,シュク,
923,縮 ,,,,シュク、ちぢ-む、ちぢ-まる、ちぢ-める、ちぢ-れる、ちぢ-らす,
924,塾 ,,,,ジュク,
925,熟 ,,,,ジュク、う-れる,
926,出 ,,,,シュツ、（スイ）、で-る、だ-す,
927,述 ,,,,ジュツ、の-べる,
928,術 ,,,,ジュツ,
929,俊 ,,,,シュン,
930,春 ,,,,シュン、はる,
931,瞬 ,,,,シュン、またた-く,
932,旬 ,,,,ジュン、（シュン）,
933,巡 ,,,,ジュン、めぐ-る,
934,盾 ,,,,ジュン、たて,
935,准 ,,,,ジュン,
936,殉 ,,,,ジュン,
937,純 ,,,,ジュン,
938,循 ,,,,ジュン,
939,順 ,,,,ジュン,
940,準 ,,,,ジュン,
941,潤 ,,,,ジュン、うるお-う、うるお-す、うる-む,
942,遵 ,,,,ジュン,
943,処 ,處 ,,,ショ,
944,初 ,,,,ショ、はじ-め、はじ-めて、はつ、うい、そ-める,
945,所 ,,,,ショ、ところ,
946,書 ,,,,ショ、か-く,
947,庶 ,,,,ショ,
948,暑 ,暑 [6] ,,,ショ、あつ-い,
949,署 ,署 [6] ,,,ショ,
950,緒 ,緖 ,,,ショ、（チョ）、お,
951,諸 ,諸 [6] ,,,ショ,
952,女 ,,,,ジョ、ニョ、（ニョウ）、おんな、め,
953,如 ,,,,ジョ、ニョ,
954,助 ,,,,ジョ、たす-ける、たす-かる、すけ,
955,序 ,,,,ジョ,
956,叙 ,敍 ,,,ジョ,
957,徐 ,,,,ジョ,
958,除 ,,,,ジョ、（ジ）、のぞ-く,
959,小 ,,,,ショウ、ちい-さい、こ、お,
960,升 ,,,,ショウ、ます,
961,少 ,,,,ショウ、すく-ない、すこ-し,
962,召 ,,,,ショウ、め-す,
963,匠 ,,,,ショウ,
964,床 ,,,,ショウ、とこ、ゆか,
965,抄 ,,,,ショウ,
966,肖 ,,,,ショウ,
967,尚 ,尙 ,,,ショウ,
968,招 ,,,,ショウ、まね-く,
969,承 ,,,,ショウ、うけたまわ-る,
970,昇 ,,,,ショウ、のぼ-る,
971,松 ,,,,ショウ、まつ,
972,沼 ,,,,ショウ、ぬま,
973,昭 ,,,,ショウ,
974,宵 ,,,,ショウ、よい,
975,将 ,將 ,,,ショウ,
976,消 ,,,,ショウ、き-える、け-す,
977,症 ,,,,ショウ,
978,祥 ,祥 [6] ,,,ショウ,
979,称 ,稱 ,,,ショウ,
980,笑 ,,,,ショウ、わら-う、え-む,
981,唱 ,,,,ショウ、とな-える,
982,商 ,,,,ショウ、あきな-う,
983,渉 ,涉 ,,,ショウ,
984,章 ,,,,ショウ,
985,紹 ,,,,ショウ,
986,訟 ,,,,ショウ,
987,勝 ,,,,ショウ、か-つ、まさ-る,
988,掌 ,,,,ショウ,
989,晶 ,,,,ショウ,
990,焼 ,燒 ,,,ショウ、や-く、や-ける,
991,焦 ,,,,ショウ、こ-げる、こ-がす、こ-がれる、あせ-る,
992,硝 ,,,,ショウ,
993,粧 ,,,,ショウ,
994,詔 ,,,,ショウ、みことのり,
995,証 ,證 ,,,ショウ,
996,象 ,,,,ショウ、ゾウ,
997,傷 ,,,,ショウ、きず、いた-む、いた-める,
998,奨 ,奬 ,,,ショウ,
999,照 ,,,,ショウ、て-る、て-らす、て-れる,
1000,詳 ,,,,ショウ、くわ-しい,
1001,彰 ,,,,ショウ,
1002,障 ,,,,ショウ、さわ-る,
1003,憧 ,,,,ショウ、あこが-れる,
1004,衝 ,,,,ショウ,
1005,賞 ,,,,ショウ,
1006,償 ,,,,ショウ、つぐな-う,
1007,礁 ,,,,ショウ,
1008,鐘 ,,,,ショウ、かね,
1009,上 ,,,,ジョウ、（ショウ）、うえ、（うわ）、かみ、あ-げる、あ-がる、のぼ-る、のぼ-せる、のぼ-す,
1010,丈 ,,,,ジョウ、たけ,
1011,冗 ,,,,ジョウ,
1012,条 ,條 ,,,ジョウ,
1013,状 ,狀 ,,,ジョウ,
1014,乗 ,乘 ,,,ジョウ、の-る、の-せる,
1015,城 ,,,,ジョウ、しろ,
1016,浄 ,淨 ,,,ジョウ,
1017,剰 ,剩 ,,,ジョウ,
1018,常 ,,,,ジョウ、つね、とこ,
1019,情 ,,,,ジョウ、（セイ）、なさ-け,
1020,場 ,,,,ジョウ、ば,
1021,畳 ,疊 ,,,ジョウ、たた-む、たたみ,
1022,蒸 ,,,,ジョウ、む-す、む-れる、む-らす,
1023,縄 ,繩 ,,,ジョウ、なわ,
1024,壌 ,壤 ,,,ジョウ,
1025,嬢 ,孃 ,,,ジョウ,
1026,錠 ,,,,ジョウ,
1027,譲 ,讓 ,,,ジョウ、ゆず-る,
1028,醸 ,釀 ,,,ジョウ、かも-す,
1029,色 ,,,,ショク、シキ、いろ,
1030,拭 ,,,,ショク、ふ-く、ぬぐ-う,
1031,食 ,,,,ショク、（ジキ）、く-う、く-らう、た-べる,
1032,植 ,,,,ショク、う-える、う-わる,
1033,殖 ,,,,ショク、ふ-える、ふ-やす,
1034,飾 ,,,,ショク、かざ-る,
1035,触 ,觸 ,,,ショク、ふ-れる、さわ-る,
1036,嘱 ,囑 ,,,ショク,
1037,織 ,,,,ショク、シキ、お-る,
1038,職 ,,,,ショク,
1039,辱 ,,,,ジョク、はずかし-める,
1040,尻 ,,,,しり,
1041,心 ,,,,シン、こころ,
1042,申 ,,,,シン、もう-す,
1043,伸 ,,,,シン、の-びる、の-ばす、の-べる,
1044,臣 ,,,,シン、ジン,
1045,芯 ,,,,シン,
1046,身 ,,,,シン、み,
1047,辛 ,,,,シン、から-い,
1048,侵 ,,,,シン、おか-す,
1049,信 ,,,,シン,
1050,津 ,,,,シン、つ,
1051,神 ,神 [6] ,,,シン、ジン、かみ、（かん）、（こう）,
1052,唇 ,,,,シン、くちびる,
1053,娠 ,,,,シン,
1054,振 ,,,,シン、ふ-る、ふ-るう、ふ-れる,
1055,浸 ,,,,シン、ひた-す、ひた-る,
1056,真 ,眞 ,,,シン、ま,
1057,針 ,,,,シン、はり,
1058,深 ,,,,シン、ふか-い、ふか-まる、ふか-める,
1059,紳 ,,,,シン,
1060,進 ,,,,シン、すす-む、すす-める,
1061,森 ,,,,シン、もり,
1062,診 ,,,,シン、み-る,
1063,寝 ,寢 ,,,シン、ね-る、ね-かす,
1064,慎 ,愼 ,,,シン、つつし-む,
1065,新 ,,,,シン、あたら-しい、あら-た、にい,
1066,審 ,,,,シン,
1067,震 ,,,,シン、ふる-う、ふる-える,
1068,薪 ,,,,シン、たきぎ,
1069,親 ,,,,シン、おや、した-しい、した-しむ,
1070,人 ,,,,ジン、ニン、ひと,
1071,刃 ,,,,ジン、は,
1072,仁 ,,,,ジン、（ニ）,
1073,尽 ,盡 ,,,ジン、つ-くす、つ-きる、つ-かす,
1074,迅 ,,,,ジン,
1075,甚 ,,,,ジン、はなは-だ、はなは-だしい,
1076,陣 ,,,,ジン,
1077,尋 ,,,,ジン、たず-ねる,
1078,腎 ,,,,ジン,
1079,須 ,,,,ス,
1080,図 ,圖 ,,,ズ、ト、はか-る,
1081,水 ,,,,スイ、みず,
1082,吹 ,,,,スイ、ふ-く,
1083,垂 ,,,,スイ、た-れる、た-らす,
1084,炊 ,,,,スイ、た-く,
1085,帥 ,,,,スイ,
1086,粋 ,粹 ,,,スイ、いき,
1087,衰 ,,,,スイ、おとろ-える,
1088,推 ,,,,スイ、お-す,
1089,酔 ,醉 ,,,スイ、よ-う,
1090,遂 ,,,,スイ、と-げる,
1091,睡 ,,,,スイ,
1092,穂 ,穗 ,,,スイ、ほ,
1093,随 ,隨 ,,,ズイ,
1094,髄 ,髓 ,,,ズイ,
1095,枢 ,樞 ,,,スウ,
1096,崇 ,,,,スウ,
1097,数 ,數 ,,,スウ、（ス）、かず、かぞ-える,
1098,据 ,,,,す-える、す-わる,
1099,杉 ,,,,すぎ,
1100,裾 ,,,,すそ,
1101,寸 ,,,,スン,
1102,瀬 ,瀨 ,,,せ,
1103,是 ,,,,ゼ,
1104,井 ,,,,セイ、（ショウ）、い,
1105,世 ,,,,セイ、セ、よ,
1106,正 ,,,,セイ、ショウ、ただ-しい、ただ-す、まさ,
1107,生 ,,,,セイ、ショウ、い-きる、い-かす、い-ける、う-まれる、う-む、お-う、は-える、は-やす、き、なま,
1108,成 ,,,,セイ、（ジョウ）、な-る、な-す,
1109,西 ,,,,セイ、サイ、にし,
1110,声 ,聲 ,,,セイ、（ショウ）、こえ、（こわ）,
1111,制 ,,,,セイ,
1112,姓 ,,,,セイ、ショウ,
1113,征 ,,,,セイ,
1114,性 ,,,,セイ、ショウ,
1115,青 ,靑 ,,,セイ、（ショウ）、あお、あお-い,
1116,斉 ,齊 ,,,セイ,
1117,政 ,,,,セイ、（ショウ）、まつりごと,
1118,星 ,,,,セイ、（ショウ）、ほし,
1119,牲 ,,,,セイ,
1120,省 ,,,,セイ、ショウ、かえり-みる、はぶ-く,
1121,凄 ,,,,セイ,
1122,逝 ,,,,セイ、ゆ-く、い-く,
1123,清 ,淸 ,,,セイ、（ショウ）、きよ-い、きよ-まる、きよ-める,
1124,盛 ,,,,セイ、（ジョウ）、も-る、さか-る、さか-ん,
1125,婿 ,,,,セイ、むこ,
1126,晴 ,晴 [6] ,,,セイ、は-れる、は-らす,
1127,勢 ,,,,セイ、いきお-い,
1128,聖 ,,,,セイ,
1129,誠 ,,,,セイ、まこと,
1130,精 ,精 [6] ,,,セイ、（ショウ）,
1131,製 ,,,,セイ,
1132,誓 ,,,,セイ、ちか-う,
1133,静 ,靜 ,,,セイ、（ジョウ）、しず、しず-か、しず-まる、しず-める,
1134,請 ,,,,セイ、（シン）、こ-う、う-ける,
1135,整 ,,,,セイ、ととの-える、ととの-う,
1136,醒 ,,,,セイ,
1137,税 ,稅 ,,,ゼイ,
1138,夕 ,,,,セキ、ゆう,
1139,斥 ,,,,セキ,
1140,石 ,,,,セキ、（シャク）、（コク）、いし,
1141,赤 ,,,,セキ、（シャク）、あか、あか-い、あか-らむ、あか-らめる,
1142,昔 ,,,,セキ、（シャク）、むかし,
1143,析 ,,,,セキ,
1144,席 ,,,,セキ,
1145,脊 ,,,,セキ,
1146,隻 ,,,,セキ,
1147,惜 ,,,,セキ、お-しい、お-しむ,
1148,戚 ,,,,セキ,
1149,責 ,,,,セキ、せ-める,
1150,跡 ,,,,セキ、あと,
1151,積 ,,,,セキ、つ-む、つ-もる,
1152,績 ,,,,セキ,
1153,籍 ,,,,セキ,
1154,切 ,,,,セツ、（サイ）、き-る、き-れる,
1155,折 ,,,,セツ、お-る、おり、お-れる,
1156,拙 ,,,,セツ、つたな-い,
1157,窃 ,竊 ,,,セツ,
1158,接 ,,,,セツ、つ-ぐ,
1159,設 ,,,,セツ、もう-ける,
1160,雪 ,,,,セツ、ゆき,
1161,摂 ,攝 ,,,セツ,
1162,節 ,節 [6] ,,,セツ、（セチ）、ふし,
1163,説 ,說 ,,,セツ、（ゼイ）、と-く,
1164,舌 ,,,,ゼツ、した,
1165,絶 ,絕 ,,,ゼツ、た-える、た-やす、た-つ,
1166,千 ,,,,セン、ち,
1167,川 ,,,,セン、かわ,
1168,仙 ,,,,セン,
1169,占 ,,,,セン、し-める、うらな-う,
1170,先 ,,,,セン、さき,
1171,宣 ,,,,セン,
1172,専 ,專 ,,,セン、もっぱ-ら,
1173,泉 ,,,,セン、いずみ,
1174,浅 ,淺 ,,,セン、あさ-い,
1175,洗 ,,,,セン、あら-う,
1176,染 ,,,,セン、そ-める、そ-まる、し-みる、し-み,
1177,扇 ,,,,セン、おうぎ,
1178,栓 ,,,,セン,
1179,旋 ,,,,セン,
1180,船 ,,,,セン、ふね、（ふな）,
1181,戦 ,戰 ,,,セン、いくさ、たたか-う,
1182,煎 [4][8][9] ,,,,セン、い-る,
1183,羨 ,,,,セン、うらや-む、うらや-ましい,
1184,腺 ,,,,セン,
1185,詮 [4][8] ,,,,セン,
1186,践 ,踐 ,,,セン,
1187,箋 [4] ,,,,セン,
1188,銭 ,錢 ,,,セン、ぜに,
1189,潜 ,潛 ,,,セン、ひそ-む、もぐ-る,
1190,線 ,,,,セン,
1191,遷 ,,,,セン,
1192,選 ,,,,セン、えら-ぶ,
1193,薦 ,,,,セン、すす-める,
1194,繊 ,纖 ,,,セン,
1195,鮮 ,,,,セン、あざ-やか,
1196,全 ,,,,ゼン、まった-く、すべ-て,
1197,前 ,,,,ゼン、まえ,
1198,善 ,,,,ゼン、よ-い,
1199,然 ,,,,ゼン、ネン,
1200,禅 ,禪 ,,,ゼン,
1201,漸 ,,,,ゼン,
1202,膳 ,,,,ゼン,
1203,繕 ,,,,ゼン、つくろ-う,
1204,狙 ,,,,ソ、ねら-う,
1205,阻 ,,,,ソ、はば-む,
1206,祖 ,祖 [6] ,,,ソ,
1207,租 ,,,,ソ,
1208,素 ,,,,ソ、ス,
1209,措 ,,,,ソ,
1210,粗 ,,,,ソ、あら-い,
1211,組 ,,,,ソ、く-む、くみ,
1212,疎 ,,,,ソ、うと-い、うと-む,
1213,訴 ,,,,ソ、うった-える,
1214,塑 ,,,,ソ,
1215,遡 [5][10] ,,,,ソ、さかのぼ-る,
1216,礎 ,,,,ソ、いしずえ,
1217,双 ,雙 ,,,ソウ、ふた,
1218,壮 ,壯 ,,,ソウ,
1219,早 ,,,,ソウ、（サッ）、はや-い、はや-まる、はや-める,
1220,争 ,爭 ,,,ソウ、あらそ-う,
1221,走 ,,,,ソウ、はし-る,
1222,奏 ,,,,ソウ、かな-でる,
1223,相 ,,,,ソウ、ショウ、あい,
1224,荘 ,莊 ,,,ソウ,
1225,草 ,,,,ソウ、くさ,
1226,送 ,,,,ソウ、おく-る,
1227,倉 ,,,,ソウ、くら,
1228,捜 ,搜 ,,,ソウ、さが-す,
1229,挿 ,揷 ,,,ソウ、さ-す,
1230,桑 ,,,,ソウ、くわ,
1231,巣 ,巢 ,,,ソウ、す,
1232,掃 ,,,,ソウ、は-く,
1233,曹 ,,,,ソウ,
1234,曽 ,曾 ,,,ソウ、（ゾ）,
1235,爽 ,,,,ソウ、さわ-やか,
1236,窓 ,,,,ソウ、まど,
1237,創 ,,,,ソウ、つく-る,
1238,喪 ,,,,ソウ、も,
1239,痩 ,瘦 ,,,ソウ、や-せる,
1240,葬 ,,,,ソウ、ほうむ-る,
1241,装 ,裝 ,,,ソウ、ショウ、よそお-う,
1242,僧 ,僧 [6] ,,,ソウ,
1243,想 ,,,,ソウ、（ソ）,
1244,層 ,層 [6] ,,,ソウ,
1245,総 ,總 ,,,ソウ,
1246,遭 ,,,,ソウ、あ-う,
1247,槽 ,,,,ソウ,
1248,踪 ,,,,ソウ,
1249,操 ,,,,ソウ、みさお、あやつ-る,
1250,燥 ,,,,ソウ,
1251,霜 ,,,,ソウ、しも,
1252,騒 ,騷 ,,,ソウ、さわ-ぐ,
1253,藻 ,,,,ソウ、も,
1254,造 ,,,,ゾウ、つく-る,
1255,像 ,,,,ゾウ,
1256,増 ,增 ,,,ゾウ、ま-す、ふ-える、ふ-やす,
1257,憎 ,憎 [6] ,,,ゾウ、にく-む、にく-い、にく-らしい、にく-しみ,
1258,蔵 ,藏 ,,,ゾウ、くら,
1259,贈 ,贈 [6] ,,,ゾウ、（ソウ）、おく-る,
1260,臓 ,臟 ,,,ゾウ,
1261,即 ,卽 ,,,ソク,
1262,束 ,,,,ソク、たば,
1263,足 ,,,,ソク、あし、た-りる、た-る、た-す,
1264,促 ,,,,ソク、うなが-す,
1265,則 ,,,,ソク,
1266,息 ,,,,ソク、いき,
1267,捉 ,,,,ソク、とら-える,
1268,速 ,,,,ソク、はや-い、はや-める、はや-まる、すみ-やか,
1269,側 ,,,,ソク、がわ,
1270,測 ,,,,ソク、はか-る,
1271,俗 ,,,,ゾク,
1272,族 ,,,,ゾク,
1273,属 ,屬 ,,,ゾク,
1274,賊 ,,,,ゾク,
1275,続 ,續 ,,,ゾク、つづ-く、つづ-ける,
1276,卒 ,,,,ソツ,
1277,率 ,,,,ソツ、リツ、ひき-いる,
1278,存 ,,,,ソン、ゾン,
1279,村 ,,,,ソン、むら,
1280,孫 ,,,,ソン、まご,
1281,尊 ,,,,ソン、たっと-い、とうと-い、たっと-ぶ、とうと-ぶ,
1282,損 ,,,,ソン、そこ-なう、そこ-ねる,
1283,遜 [5][10] ,,,,ソン,
1284,他 ,,,,タ、ほか,
1285,多 ,,,,タ、おお-い,
1286,汰 ,,,,タ,
1287,打 ,,,,ダ、う-つ,
1288,妥 ,,,,ダ,
1289,唾 ,,,,ダ、つば,
1290,堕 ,墮 ,,,ダ,
1291,惰 ,,,,ダ,
1292,駄 ,,,,ダ,
1293,太 ,,,,タイ、タ、ふと-い、ふと-る,
1294,対 ,對 ,,,タイ、ツイ,
1295,体 ,體 ,,,タイ、テイ、からだ,
1296,耐 ,,,,タイ、た-える,
1297,待 ,,,,タイ、ま-つ,
1298,怠 ,,,,タイ、おこた-る、なま-ける,
1299,胎 ,,,,タイ,
1300,退 ,,,,タイ、しりぞ-く、しりぞ-ける,
1301,帯 ,帶 ,,,タイ、お-びる、おび,
1302,泰 ,,,,タイ,
1303,堆 ,,,,タイ,
1304,袋 ,,,,タイ、ふくろ,
1305,逮 ,,,,タイ,
1306,替 ,,,,タイ、か-える、か-わる,
1307,貸 ,,,,タイ、か-す,
1308,隊 ,,,,タイ,
1309,滞 ,滯 ,,,タイ、とどこお-る,
1310,態 ,,,,タイ,
1311,戴 ,,,,タイ,
1312,大 ,,,,ダイ、タイ、おお、おお-きい、おお-いに,
1313,代 ,,,,ダイ、タイ、か-わる、か-える、よ、しろ,
1314,台 ,臺 ,,,ダイ、タイ,
1315,第 ,,,,ダイ,
1316,題 ,,,,ダイ,
1317,滝 ,瀧 ,,,たき,
1318,宅 ,,,,タク,
1319,択 ,擇 ,,,タク,
1320,沢 ,澤 ,,,タク、さわ,
1321,卓 ,,,,タク,
1322,拓 ,,,,タク,
1323,託 ,,,,タク,
1324,濯 ,,,,タク,
1325,諾 ,,,,ダク,
1326,濁 ,,,,ダク、にご-る、にご-す,
1327,但 ,,,,ただ-し,
1328,達 ,,,,タツ,
1329,脱 ,脫 ,,,ダツ、ぬ-ぐ、ぬ-げる,
1330,奪 ,,,,ダツ、うば-う,
1331,棚 ,,,,たな,
1332,誰 ,,,,だれ,
1333,丹 ,,,,タン,
1334,旦 ,,,,タン、ダン,
1335,担 ,擔 ,,,タン、かつ-ぐ、にな-う,
1336,単 ,單 ,,,タン,
1337,炭 ,,,,タン、すみ,
1338,胆 ,膽 ,,,タン,
1339,探 ,,,,タン、さぐ-る、さが-す,
1340,淡 ,,,,タン、あわ-い,
1341,短 ,,,,タン、みじか-い,
1342,嘆 ,嘆 [6] ,,,タン、なげ-く、なげ-かわしい,
1343,端 ,,,,タン、はし、は、はた,
1344,綻 ,,,,タン、ほころ-びる,
1345,誕 ,,,,タン,
1346,鍛 ,,,,タン、きた-える,
1347,団 ,團 ,,,ダン、（トン）,
1348,男 ,,,,ダン、ナン、おとこ,
1349,段 ,,,,ダン,
1350,断 ,斷 ,,,ダン、た-つ、ことわ-る,
1351,弾 ,彈 ,,,ダン、ひ-く、はず-む、たま,
1352,暖 ,,,,ダン、あたた-か、あたた-かい、あたた-まる、あたた-める,
1353,談 ,,,,ダン,
1354,壇 ,,,,ダン、（タン）,
1355,地 ,,,,チ、ジ,
1356,池 ,,,,チ、いけ,
1357,知 ,,,,チ、し-る,
1358,値 ,,,,チ、ね、あたい,
1359,恥 ,,,,チ、は-じる、はじ、は-じらう、は-ずかしい,
1360,致 ,,,,チ、いた-す,
1361,遅 ,遲 ,,,チ、おく-れる、おく-らす、おそ-い,
1362,痴 ,,,,チ,
1363,稚 ,,,,チ,
1364,置 ,,,,チ、お-く,
1365,緻 ,,,,チ,
1366,竹 ,,,,チク、たけ,
1367,畜 ,,,,チク,
1368,逐 ,,,,チク,
1369,蓄 ,,,,チク、たくわ-える,
1370,築 ,,,,チク、きず-く,
1371,秩 ,,,,チツ,
1372,窒 ,,,,チツ,
1373,茶 ,,,,チャ、サ,
1374,着 ,,,,チャク、（ジャク）、き-る、き-せる、つ-く、つ-ける,
1375,嫡 ,,,,チャク,
1376,中 ,,,,チュウ、（ジュウ）、なか,
1377,仲 ,,,,チュウ、なか,
1378,虫 ,蟲 ,,,チュウ、むし,
1379,沖 ,,,,チュウ、おき,
1380,宙 ,,,,チュウ,
1381,忠 ,,,,チュウ,
1382,抽 ,,,,チュウ,
1383,注 ,,,,チュウ、そそ-ぐ,
1384,昼 ,晝 ,,,チュウ、ひる,
1385,柱 ,,,,チュウ、はしら,
1386,衷 ,,,,チュウ,
1387,酎 ,,,,チュウ,
1388,鋳 ,鑄 ,,,チュウ、い-る,
1389,駐 ,,,,チュウ,
1390,著 ,著 [6] ,,,チョ、あらわ-す、いちじる-しい,
1391,貯 ,,,,チョ,
1392,丁 ,,,,チョウ、テイ,
1393,弔 ,,,,チョウ、とむら-う,
1394,庁 ,廳 ,,,チョウ,
1395,兆 ,,,,チョウ、きざ-す、きざ-し,
1396,町 ,,,,チョウ、まち,
1397,長 ,,,,チョウ、なが-い,
1398,挑 ,,,,チョウ、いど-む,
1399,帳 ,,,,チョウ,
1400,張 ,,,,チョウ、は-る,
1401,彫 ,,,,チョウ、ほ-る,
1402,眺 ,,,,チョウ、なが-める,
1403,釣 ,,,,チョウ、つ-る,
1404,頂 ,,,,チョウ、いただ-く、いただき,
1405,鳥 ,,,,チョウ、とり,
1406,朝 ,,,,チョウ、あさ,
1407,貼 ,,,,チョウ、は-る,
1408,超 ,,,,チョウ、こ-える、こ-す,
1409,腸 ,,,,チョウ,
1410,跳 ,,,,チョウ、は-ねる、と-ぶ,
1411,徴 ,徵 ,,,チョウ,
1412,嘲 [4][8][9] ,,,,チョウ、あざけ-る,
1413,潮 ,,,,チョウ、しお,
1414,澄 ,,,,チョウ、す-む、す-ます,
1415,調 ,,,,チョウ、しら-べる、ととの-う、ととの-える,
1416,聴 ,聽 ,,,チョウ、き-く,
1417,懲 ,懲 [6] ,,,チョウ、こ-りる、こ-らす、こ-らしめる,
1418,直 ,,,,チョク、ジキ、ただ-ちに、なお-す、なお-る,
1419,勅 ,,,,チョク,
1420,捗 [4][8] ,,,,チョク,
1421,沈 ,,,,チン、しず-む、しず-める,
1422,珍 ,,,,チン、めずら-しい,
1423,朕 ,,,,チン,
1424,陳 ,,,,チン,
1425,賃 ,,,,チン,
1426,鎮 ,鎭 ,,,チン、しず-める、しず-まる,
1427,追 ,,,,ツイ、お-う,
1428,椎 ,,,,ツイ,
1429,墜 ,,,,ツイ,
1430,通 ,,,,ツウ、（ツ）、とお-る、とお-す、かよ-う,
1431,痛 ,,,,ツウ、いた-い、いた-む、いた-める,
1432,塚 ,塚 [6] ,,,つか,
1433,漬 ,,,,つ-ける、つ-かる,
1434,坪 ,,,,つぼ,
1435,爪 ,,,,つめ、（つま）,
1436,鶴 ,,,,つる,
1437,低 ,,,,テイ、ひく-い、ひく-める、ひく-まる,
1438,呈 ,,,,テイ,
1439,廷 ,,,,テイ,
1440,弟 ,,,,テイ、（ダイ）、（デ）、おとうと,
1441,定 ,,,,テイ、ジョウ、さだ-める、さだ-まる、さだ-か,
1442,底 ,,,,テイ、そこ,
1443,抵 ,,,,テイ,
1444,邸 ,,,,テイ,
1445,亭 ,,,,テイ,
1446,貞 ,,,,テイ,
1447,帝 ,,,,テイ,
1448,訂 ,,,,テイ,
1449,庭 ,,,,テイ、にわ,
1450,逓 ,遞 ,,,テイ,
1451,停 ,,,,テイ,
1452,偵 ,,,,テイ,
1453,堤 ,,,,テイ、つつみ,
1454,提 ,,,,テイ、さ-げる,
1455,程 ,,,,テイ、ほど,
1456,艇 ,,,,テイ,
1457,締 ,,,,テイ、し-まる、し-める,
1458,諦 [9] ,,,,テイ、あきら-める,
1459,泥 ,,,,デイ、どろ,
1460,的 ,,,,テキ、まと,
1461,笛 ,,,,テキ、ふえ,
1462,摘 ,,,,テキ、つ-む,
1463,滴 ,,,,テキ、しずく、したた-る,
1464,適 ,,,,テキ,
1465,敵 ,,,,テキ、かたき,
1466,溺 [4][8] ,,,,デキ、おぼ-れる,
1467,迭 ,,,,テツ,
1468,哲 ,,,,テツ,
1469,鉄 ,鐵 ,,,テツ,
1470,徹 ,,,,テツ,
1471,撤 ,,,,テツ,
1472,天 ,,,,テン、あめ、（あま）,
1473,典 ,,,,テン,
1474,店 ,,,,テン、みせ,
1475,点 ,點 ,,,テン,
1476,展 ,,,,テン,
1477,添 ,,,,テン、そ-える、そ-う,
1478,転 ,轉 ,,,テン、ころ-がる、ころ-げる、ころ-がす、ころ-ぶ,
1479,塡 [4][8] ,,,,テン,
1480,田 ,,,,デン、た,
1481,伝 ,傳 ,,,デン、つた-わる、つた-える、つた-う,
1482,殿 ,,,,デン、テン、との、どの,
1483,電 ,,,,デン,
1484,斗 ,,,,ト,
1485,吐 ,,,,ト、は-く,
1486,妬 ,,,,ト、ねた-む,
1487,徒 ,,,,ト,
1488,途 ,,,,ト,
1489,都 ,都 [6] ,,,ト、ツ、みやこ,
1490,渡 ,,,,ト、わた-る、わた-す,
1491,塗 ,,,,ト、ぬ-る,
1492,賭 [4][8] ,,,,ト、か-ける,
1493,土 ,,,,ド、ト、つち,
1494,奴 ,,,,ド,
1495,努 ,,,,ド、つと-める,
1496,度 ,,,,ド、（ト）、（タク）、たび,
1497,怒 ,,,,ド、いか-る、おこ-る,
1498,刀 ,,,,トウ、かたな,
1499,冬 ,,,,トウ、ふゆ,
1500,灯 ,燈 ,,,トウ、ひ,
1501,当 ,當 ,,,トウ、あ-たる、あ-てる,
1502,投 ,,,,トウ、な-げる,
1503,豆 ,,,,トウ、（ズ）、まめ,
1504,東 ,,,,トウ、ひがし,
1505,到 ,,,,トウ,
1506,逃 ,,,,トウ、に-げる、に-がす、のが-す、のが-れる,
1507,倒 ,,,,トウ、たお-れる、たお-す,
1508,凍 ,,,,トウ、こお-る、こご-える,
1509,唐 ,,,,トウ、から,
1510,島 ,,,,トウ、しま,
1511,桃 ,,,,トウ、もも,
1512,討 ,,,,トウ、う-つ,
1513,透 ,,,,トウ、す-く、す-かす、す-ける,
1514,党 ,黨 ,,,トウ,
1515,悼 ,,,,トウ、いた-む,
1516,盗 ,盜 ,,,トウ、ぬす-む,
1517,陶 ,,,,トウ,
1518,塔 ,,,,トウ,
1519,搭 ,,,,トウ,
1520,棟 ,,,,トウ、むね、（むな）,
1521,湯 ,,,,トウ、ゆ,
1522,痘 ,,,,トウ,
1523,登 ,,,,トウ、ト、のぼ-る,
1524,答 ,,,,トウ、こた-える、こた-え,
1525,等 ,,,,トウ、ひと-しい,
1526,筒 ,,,,トウ、つつ,
1527,統 ,,,,トウ、す-べる,
1528,稲 ,稻 ,,,トウ、いね、（いな）,
1529,踏 ,,,,トウ、ふ-む、ふ-まえる,
1530,糖 ,,,,トウ,
1531,頭 ,,,,トウ、ズ、（ト）、あたま、かしら,
1532,謄 ,,,,トウ,
1533,藤 ,,,,トウ、ふじ,
1534,闘 ,鬪 ,,,トウ、たたか-う,
1535,騰 ,,,,トウ,
1536,同 ,,,,ドウ、おな-じ,
1537,洞 ,,,,ドウ、ほら,
1538,胴 ,,,,ドウ,
1539,動 ,,,,ドウ、うご-く、うご-かす,
1540,堂 ,,,,ドウ,
1541,童 ,,,,ドウ、わらべ,
1542,道 ,,,,ドウ、（トウ）、みち,
1543,働 ,,,,ドウ、はたら-く,
1544,銅 ,,,,ドウ,
1545,導 ,,,,ドウ、みちび-く,
1546,瞳 ,,,,ドウ、ひとみ,
1547,峠 ,,,,とうげ,
1548,匿 ,,,,トク,
1549,特 ,,,,トク,
1550,得 ,,,,トク、え-る、う-る,
1551,督 ,,,,トク,
1552,徳 ,德 ,,,トク,
1553,篤 ,,,,トク,
1554,毒 ,,,,ドク,
1555,独 ,獨 ,,,ドク、ひと-り,
1556,読 ,讀 ,,,ドク、トク、（トウ）、よ-む,
1557,栃 [3] ,,,,（とち）[7],
1558,凸 ,,,,トツ,
1559,突 ,突 [6] ,,,トツ、つ-く,
1560,届 ,屆 ,,,とど-ける、とど-く,
1561,屯 ,,,,トン,
1562,豚 ,,,,トン、ぶた,
1563,頓 ,,,,トン,
1564,貪 ,,,,ドン、むさぼ-る,
1565,鈍 ,,,,ドン、にぶ-い、にぶ-る,
1566,曇 ,,,,ドン、くも-る,
1567,丼 ,,,,どんぶり、（どん）,
1568,那 ,,,,ナ,
1569,奈 ,,,,ナ,
1570,内 ,內 ,,,ナイ、（ダイ）、うち,
1571,梨 ,,,,なし,
1572,謎 [5][10] ,,,,なぞ,
1573,鍋 ,,,,なべ,
1574,南 ,,,,ナン、（ナ）、みなみ,
1575,軟 ,,,,ナン、やわ-らか、やわ-らかい,
1576,難 ,難 [6] ,,,ナン、かた-い、むずか-しい,
1577,二 ,,,,ニ、ふた、ふた-つ,
1578,尼 ,,,,ニ、あま,
1579,弐 ,貳 ,,,ニ,
1580,匂 ,,,,にお-う,
1581,肉 ,,,,ニク,
1582,虹 ,,,,にじ,
1583,日 ,,,,ニチ、ジツ、ひ、か,
1584,入 ,,,,ニュウ、い-る、い-れる、はい-る,
1585,乳 ,,,,ニュウ、ちち、ち,
1586,尿 ,,,,ニョウ,
1587,任 ,,,,ニン、まか-せる、まか-す,
1588,妊 ,,,,ニン,
1589,忍 ,,,,ニン、しの-ぶ、しの-ばせる,
1590,認 ,,,,ニン、みと-める,
1591,寧 ,,,,ネイ,
1592,熱 ,,,,ネツ、あつ-い,
1593,年 ,,,,ネン、とし,
1594,念 ,,,,ネン,
1595,捻 ,,,,ネン,
1596,粘 ,,,,ネン、ねば-る,
1597,燃 ,,,,ネン、も-える、も-やす、も-す,
1598,悩 ,惱 ,,,ノウ、なや-む、なや-ます,
1599,納 ,,,,ノウ、（ナッ）、（ナ）、（ナン）、（トウ）、おさ-める、おさ-まる,
1600,能 ,,,,ノウ,
1601,脳 ,腦 ,,,ノウ,
1602,農 ,,,,ノウ,
1603,濃 ,,,,ノウ、こ-い,
1604,把 ,,,,ハ,
1605,波 ,,,,ハ、なみ,
1606,派 ,,,,ハ,
1607,破 ,,,,ハ、やぶ-る、やぶ-れる,
1608,覇 ,,,,ハ,
1609,馬 ,,,,バ、うま、（ま）,
1610,婆 ,,,,バ,
1611,罵 ,,,,バ、ののし-る,
1612,拝 ,拜 ,,,ハイ、おが-む,
1613,杯 ,,,,ハイ、さかずき,
1614,背 ,,,,ハイ、せ、せい、そむ-く、そむ-ける,
1615,肺 ,,,,ハイ,
1616,俳 ,,,,ハイ,
1617,配 ,,,,ハイ、くば-る,
1618,排 ,,,,ハイ,
1619,敗 ,,,,ハイ、やぶ-れる,
1620,廃 ,廢 ,,,ハイ、すた-れる、すた-る,
1621,輩 ,,,,ハイ,
1622,売 ,賣 ,,,バイ、う-る、う-れる,
1623,倍 ,,,,バイ,
1624,梅 ,梅 [6] ,,,バイ、うめ,
1625,培 ,,,,バイ、つちか-う,
1626,陪 ,,,,バイ,
1627,媒 ,,,,バイ,
1628,買 ,,,,バイ、か-う,
1629,賠 ,,,,バイ,
1630,白 ,,,,ハク、ビャク、しろ、（しら）、しろ-い,
1631,伯 ,,,,ハク,
1632,拍 ,,,,ハク、（ヒョウ）,
1633,泊 ,,,,ハク、と-まる、と-める,
1634,迫 ,,,,ハク、せま-る,
1635,剝 [4][8] ,,,,ハク、は-がす、は-ぐ、は-がれる、は-げる,
1636,舶 ,,,,ハク,
1637,博 ,,,,ハク、（バク）,
1638,薄 ,,,,ハク、うす-い、うす-める、うす-まる、うす-らぐ、うす-れる,
1639,麦 ,麥 ,,,バク、むぎ,
1640,漠 ,,,,バク,
1641,縛 ,,,,バク、しば-る,
1642,爆 ,,,,バク,
1643,箱 ,,,,はこ,
1644,箸 [4][8] ,,,,はし,
1645,畑 ,,,,はた、はたけ,
1646,肌 ,,,,はだ,
1647,八 ,,,,ハチ、や、や-つ、やっ-つ、（よう）,
1648,鉢 ,,,,ハチ、（ハツ）,
1649,発 ,發 ,,,ハツ、ホツ,
1650,髪 ,髮 ,,,ハツ、かみ,
1651,伐 ,,,,バツ,
1652,抜 ,拔 ,,,バツ、ぬ-く、ぬ-ける、ぬ-かす、ぬ-かる,
1653,罰 ,,,,バツ、バチ,
1654,閥 ,,,,バツ,
1655,反 ,,,,ハン、（ホン）、（タン）、そ-る、そ-らす,
1656,半 ,,,,ハン、なか-ば,
1657,氾 ,,,,ハン,
1658,犯 ,,,,ハン、おか-す,
1659,帆 ,,,,ハン、ほ,
1660,汎 [9] ,,,,ハン,
1661,伴 ,,,,ハン、バン、ともな-う,
1662,判 ,,,,ハン、バン,
1663,坂 ,,,,ハン、さか,
1664,阪 ,,,,ハン,
1665,板 ,,,,ハン、バン、いた,
1666,版 ,,,,ハン,
1667,班 ,,,,ハン,
1668,畔 ,,,,ハン,
1669,般 ,,,,ハン,
1670,販 ,,,,ハン,
1671,斑 ,,,,ハン,
1672,飯 ,飯 [6] ,,,ハン、めし,
1673,搬 ,,,,ハン,
1674,煩 ,,,,ハン、（ボン）、わずら-う、わずら-わす,
1675,頒 ,,,,ハン,
1676,範 ,,,,ハン,
1677,繁 ,繁 [6] ,,,ハン,
1678,藩 ,,,,ハン,
1679,晩 ,晚 ,,,バン,
1680,番 ,,,,バン,
1681,蛮 ,蠻 ,,,バン,
1682,盤 ,,,,バン,
1683,比 ,,,,ヒ、くら-べる,
1684,皮 ,,,,ヒ、かわ,
1685,妃 ,,,,ヒ,
1686,否 ,,,,ヒ、いな,
1687,批 ,,,,ヒ,
1688,彼 ,,,,ヒ、かれ、（かの）,
1689,披 ,,,,ヒ,
1690,肥 ,,,,ヒ、こ-える、こえ、こ-やす、こ-やし,
1691,非 ,,,,ヒ,
1692,卑 ,卑 [6] ,,,ヒ、いや-しい、いや-しむ、いや-しめる,
1693,飛 ,,,,ヒ、と-ぶ、と-ばす,
1694,疲 ,,,,ヒ、つか-れる,
1695,秘 ,祕 ,,,ヒ、ひ-める,
1696,被 ,,,,ヒ、こうむ-る,
1697,悲 ,,,,ヒ、かな-しい、かな-しむ,
1698,扉 ,,,,ヒ、とびら,
1699,費 ,,,,ヒ、つい-やす、つい-える,
1700,碑 ,碑 [6] ,,,ヒ,
1701,罷 ,,,,ヒ,
1702,避 ,,,,ヒ、さ-ける,
1703,尾 ,,,,ビ、お,
1704,眉 ,,,,ビ、（ミ）、まゆ,
1705,美 ,,,,ビ、うつく-しい,
1706,備 ,,,,ビ、そな-える、そな-わる,
1707,微 ,,,,ビ,
1708,鼻 ,,,,ビ、はな,
1709,膝 ,,,,ひざ,
1710,肘 ,,,,ひじ,
1711,匹 ,,,,ヒツ、ひき,
1712,必 ,,,,ヒツ、かなら-ず,
1713,泌 ,,,,ヒツ、ヒ,
1714,筆 ,,,,ヒツ、ふで,
1715,姫 ,姬 ,,,ひめ,
1716,百 ,,,,ヒャク,
1717,氷 ,,,,ヒョウ、こおり、ひ,
1718,表 ,,,,ヒョウ、おもて、あらわ-す、あらわ-れる,
1719,俵 ,,,,ヒョウ、たわら,
1720,票 ,,,,ヒョウ,
1721,評 ,,,,ヒョウ,
1722,漂 ,,,,ヒョウ、ただよ-う,
1723,標 ,,,,ヒョウ,
1724,苗 ,,,,ビョウ、なえ、（なわ）,
1725,秒 ,,,,ビョウ,
1726,病 ,,,,ビョウ、（ヘイ）、や-む、やまい,
1727,描 ,,,,ビョウ、えが-く、か-く,
1728,猫 ,,,,ビョウ、ねこ,
1729,品 ,,,,ヒン、しな,
1730,浜 ,濱 ,,,ヒン、はま,
1731,貧 ,,,,ヒン、ビン、まず-しい,
1732,賓 ,賓 [6] ,,,ヒン,
1733,頻 ,頻 [6] ,,,ヒン,
1734,敏 ,敏 [6] ,,,ビン,
1735,瓶 ,甁 ,,,ビン,
1736,不 ,,,,フ、ブ,
1737,夫 ,,,,フ、（フウ）、おっと,
1738,父 ,,,,フ、ちち,
1739,付 ,,,,フ、つ-ける、つ-く,
1740,布 ,,,,フ、ぬの,
1741,扶 ,,,,フ,
1742,府 ,,,,フ,
1743,怖 ,,,,フ、こわ-い,
1744,阜 ,,,,（フ）[7],
1745,附 ,,,,フ,
1746,訃 ,,,,フ,
1747,負 ,,,,フ、ま-ける、ま-かす、お-う,
1748,赴 ,,,,フ、おもむ-く,
1749,浮 ,,,,フ、う-く、う-かれる、う-かぶ、う-かべる,
1750,婦 ,,,,フ,
1751,符 ,,,,フ,
1752,富 ,,,,フ、（フウ）、と-む、とみ,
1753,普 ,,,,フ,
1754,腐 ,,,,フ、くさ-る、くさ-れる、くさ-らす,
1755,敷 ,,,,フ、し-く,
1756,膚 ,,,,フ,
1757,賦 ,,,,フ,
1758,譜 ,,,,フ,
1759,侮 ,侮 [6] ,,,ブ、あなど-る,
1760,武 ,,,,ブ、ム,
1761,部 ,,,,ブ,
1762,舞 ,,,,ブ、ま-う、まい,
1763,封 ,,,,フウ、ホウ,
1764,風 ,,,,フウ、（フ）、かぜ、（かざ）,
1765,伏 ,,,,フク、ふ-せる、ふ-す,
1766,服 ,,,,フク,
1767,副 ,,,,フク,
1768,幅 ,,,,フク、はば,
1769,復 ,,,,フク,
1770,福 ,福 [6] ,,,フク,
1771,腹 ,,,,フク、はら,
1772,複 ,,,,フク,
1773,覆 ,,,,フク、おお-う、くつがえ-す、くつがえ-る,
1774,払 ,拂 ,,,フツ、はら-う,
1775,沸 ,,,,フツ、わ-く、わ-かす,
1776,仏 ,佛 ,,,ブツ、ほとけ,
1777,物 ,,,,ブツ、モツ、もの,
1778,粉 ,,,,フン、こ、こな,
1779,紛 ,,,,フン、まぎ-れる、まぎ-らす、まぎ-らわす、まぎ-らわしい,
1780,雰 ,,,,フン,
1781,噴 ,,,,フン、ふ-く,
1782,墳 ,,,,フン,
1783,憤 ,,,,フン、いきどお-る,
1784,奮 ,,,,フン、ふる-う,
1785,分 ,,,,ブン、フン、ブ、わ-ける、わ-かれる、わ-かる、わ-かつ,
1786,文 ,,,,ブン、モン、ふみ,
1787,聞 ,,,,ブン、モン、き-く、き-こえる,
1788,丙 ,,,,ヘイ,
1789,平 ,,,,ヘイ、ビョウ、たい-ら、ひら,
1790,兵 ,,,,ヘイ、ヒョウ,
1791,併 ,倂 ,,,ヘイ、あわ-せる,
1792,並 ,,,,ヘイ、なみ、なら-べる、なら-ぶ、なら-びに,
1793,柄 ,,,,ヘイ、がら、え,
1794,陛 ,,,,ヘイ,
1795,閉 ,,,,ヘイ、と-じる、と-ざす、し-める、し-まる,
1796,塀 ,塀 [6] ,,,ヘイ,
1797,幣 ,,,,ヘイ,
1798,弊 ,,,,ヘイ,
1799,蔽 [4][8] ,,,,ヘイ,
1800,餅 [4][10] ,,,,ヘイ、もち,
1801,米 ,,,,ベイ、マイ、こめ,
1802,壁 ,,,,ヘキ、かべ,
1803,璧 ,,,,ヘキ,
1804,癖 ,,,,ヘキ、くせ,
1805,別 ,,,,ベツ、わか-れる,
1806,蔑 ,,,,ベツ、さげす-む,
1807,片 ,,,,ヘン、かた,
1808,辺 ,邊 ,,,ヘン、あた-り、べ,
1809,返 ,,,,ヘン、かえ-す、かえ-る,
1810,変 ,變 ,,,ヘン、か-わる、か-える,
1811,偏 ,,,,ヘン、かたよ-る,
1812,遍 ,,,,ヘン,
1813,編 ,,,,ヘン、あ-む,
1814,弁 ,辨,瓣,辯 ,,
1815,便 ,,,,ベン、ビン、たよ-り,
1816,勉 ,勉 [6] ,,,ベン,
1817,歩 ,步 ,,,ホ、ブ、（フ）、ある-く、あゆ-む,
1818,保 ,,,,ホ、たも-つ,
1819,哺 ,,,,ホ,
1820,捕 ,,,,ホ、と-らえる、と-らわれる、と-る、つか-まえる、つか-まる,
1821,補 ,,,,ホ、おぎな-う,
1822,舗 ,舖 ,,,ホ,
1823,母 ,,,,ボ、はは,
1824,募 ,,,,ボ、つの-る,
1825,墓 ,,,,ボ、はか,
1826,慕 ,,,,ボ、した-う,
1827,暮 ,,,,ボ、く-れる、く-らす,
1828,簿 ,,,,ボ,
1829,方 ,,,,ホウ、かた,
1830,包 ,,,,ホウ、つつ-む,
1831,芳 ,,,,ホウ、かんば-しい,
1832,邦 ,,,,ホウ,
1833,奉 ,,,,ホウ、（ブ）、たてまつ-る,
1834,宝 ,寶 ,,,ホウ、たから,
1835,抱 ,,,,ホウ、だ-く、いだ-く、かか-える,
1836,放 ,,,,ホウ、はな-す、はな-つ、はな-れる、ほう-る,
1837,法 ,,,,ホウ、（ハッ）、（ホッ）,
1838,泡 ,,,,ホウ、あわ,
1839,胞 ,,,,ホウ,
1840,俸 ,,,,ホウ,
1841,倣 ,,,,ホウ、なら-う,
1842,峰 ,,,,ホウ、みね,
1843,砲 ,,,,ホウ,
1844,崩 ,,,,ホウ、くず-れる、くず-す,
1845,訪 ,,,,ホウ、おとず-れる、たず-ねる,
1846,報 ,,,,ホウ、むく-いる,
1847,蜂 ,,,,ホウ、はち,
1848,豊 ,豐 ,,,ホウ、ゆた-か,
1849,飽 ,,,,ホウ、あ-きる、あ-かす,
1850,褒 ,,,,ホウ、ほ-める,
1851,縫 ,,,,ホウ、ぬ-う,
1852,亡 ,,,,ボウ、（モウ）、な-い,
1853,乏 ,,,,ボウ、とぼ-しい,
1854,忙 ,,,,ボウ、いそが-しい,
1855,坊 ,,,,ボウ、（ボッ）,
1856,妨 ,,,,ボウ、さまた-げる,
1857,忘 ,,,,ボウ、わす-れる,
1858,防 ,,,,ボウ、ふせ-ぐ,
1859,房 ,,,,ボウ、ふさ,
1860,肪 ,,,,ボウ,
1861,某 ,,,,ボウ,
1862,冒 ,,,,ボウ、おか-す,
1863,剖 ,,,,ボウ,
1864,紡 ,,,,ボウ、つむ-ぐ,
1865,望 ,,,,ボウ、モウ、のぞ-む,
1866,傍 ,,,,ボウ、かたわ-ら,
1867,帽 ,,,,ボウ,
1868,棒 ,,,,ボウ,
1869,貿 ,,,,ボウ,
1870,貌 ,,,,ボウ,
1871,暴 ,,,,ボウ、（バク）、あば-く、あば-れる,
1872,膨 ,,,,ボウ、ふく-らむ、ふく-れる,
1873,謀 ,,,,ボウ、（ム）、はか-る,
1874,頰 [4][8] ,,,,ほお,
1875,北 ,,,,ホク、きた,
1876,木 ,,,,ボク、モク、き、（こ）,
1877,朴 ,,,,ボク,
1878,牧 ,,,,ボク、まき,
1879,睦 ,,,,ボク,
1880,僕 ,,,,ボク,
1881,墨 ,墨 [6] ,,,ボク、すみ,
1882,撲 ,,,,ボク,
1883,没 ,沒 ,,,ボツ,
1884,勃 ,,,,ボツ,
1885,堀 ,,,,ほり,
1886,本 ,,,,ホン、もと,
1887,奔 ,,,,ホン,
1888,翻 ,,,,ホン、ひるがえ-る、ひるがえ-す,
1889,凡 ,,,,ボン、（ハン）,
1890,盆 ,,,,ボン,
1891,麻 ,,,,マ、あさ,
1892,摩 ,,,,マ,
1893,磨 ,,,,マ、みが-く,
1894,魔 ,,,,マ,
1895,毎 ,每 ,,,マイ,
1896,妹 ,,,,マイ、いもうと,
1897,枚 ,,,,マイ,
1898,昧 ,,,,マイ,
1899,埋 ,,,,マイ、う-める、う-まる、う-もれる,
1900,幕 ,,,,マク、バク,
1901,膜 ,,,,マク,
1902,枕 ,,,,まくら,
1903,又 ,,,,また,
1904,末 ,,,,マツ、バツ、すえ,
1905,抹 ,,,,マツ,
1906,万 ,萬 ,,,マン、バン,
1907,満 ,滿 ,,,マン、み-ちる、み-たす,
1908,慢 ,,,,マン,
1909,漫 ,,,,マン,
1910,未 ,,,,ミ,
1911,味 ,,,,ミ、あじ、あじ-わう,
1912,魅 ,,,,ミ,
1913,岬 ,,,,みさき,
1914,密 ,,,,ミツ,
1915,蜜 ,,,,ミツ,
1916,脈 ,,,,ミャク,
1917,妙 ,,,,ミョウ,
1918,民 ,,,,ミン、たみ,
1919,眠 ,,,,ミン、ねむ-る、ねむ-い,
1920,矛 ,,,,ム、ほこ,
1921,務 ,,,,ム、つと-める、つと-まる,
1922,無 ,,,,ム、ブ、な-い,
1923,夢 ,,,,ム、ゆめ,
1924,霧 ,,,,ム、きり,
1925,娘 ,,,,むすめ,
1926,名 ,,,,メイ、ミョウ、な,
1927,命 ,,,,メイ、ミョウ、いのち,
1928,明 ,,,,メイ、ミョウ、あ-かり、あか-るい、あか-るむ、あか-らむ、あき-らか、あ-ける、あ-く、あ-くる、あ-かす,
1929,迷 ,,,,メイ、まよ-う,
1930,冥 ,,,,メイ、ミョウ,
1931,盟 ,,,,メイ,
1932,銘 ,,,,メイ,
1933,鳴 ,,,,メイ、な-く、な-る、な-らす,
1934,滅 ,,,,メツ、ほろ-びる、ほろ-ぼす,
1935,免 ,免 [6] ,,,メン、まぬか-れる,
1936,面 ,,,,メン、おも、おもて、つら,
1937,綿 ,,,,メン、わた,
1938,麺 ,麵 ,,,メン,
1939,茂 ,,,,モ、しげ-る,
1940,模 ,,,,モ、ボ,
1941,毛 ,,,,モウ、け,
1942,妄 ,,,,モウ、ボウ,
1943,盲 ,,,,モウ,
1944,耗 ,,,,モウ、（コウ）,
1945,猛 ,,,,モウ,
1946,網 ,,,,モウ、あみ,
1947,目 ,,,,モク、（ボク）、め、（ま）,
1948,黙 ,默 ,,,モク、だま-る,
1949,門 ,,,,モン、かど,
1950,紋 ,,,,モン,
1951,問 ,,,,モン、と-う、と-い、（とん）,
1952,冶 ,,,,ヤ,
1953,夜 ,,,,ヤ、よ、よる,
1954,野 ,,,,ヤ、の,
1955,弥 ,彌 ,,,や,
1956,厄 ,,,,ヤク,
1957,役 ,,,,ヤク、エキ,
1958,約 ,,,,ヤク,
1959,訳 ,譯 ,,,ヤク、わけ,
1960,薬 ,藥 ,,,ヤク、くすり,
1961,躍 ,,,,ヤク、おど-る,
1962,闇 [9] ,,,,やみ,
1963,由 ,,,,ユ、ユウ、（ユイ）、よし,
1964,油 ,,,,ユ、あぶら,
1965,喩 [4] ,,,,ユ,
1966,愉 ,,,,ユ,
1967,諭 ,,,,ユ、さと-す,
1968,輸 ,,,,ユ,
1969,癒 ,,,,ユ、い-える、い-やす,
1970,唯 ,,,,ユイ、（イ）,
1971,友 ,,,,ユウ、とも,
1972,有 ,,,,ユウ、ウ、あ-る,
1973,勇 ,,,,ユウ、いさ-む,
1974,幽 ,,,,ユウ,
1975,悠 ,,,,ユウ,
1976,郵 ,,,,ユウ,
1977,湧 ,,,,ユウ、わ-く,
1978,猶 ,,,,ユウ,
1979,裕 ,,,,ユウ,
1980,遊 ,,,,ユウ、（ユ）、あそ-ぶ,
1981,雄 ,,,,ユウ、お、おす,
1982,誘 ,,,,ユウ、さそ-う,
1983,憂 ,,,,ユウ、うれ-える、うれ-い、う-い,
1984,融 ,,,,ユウ,
1985,優 ,,,,ユウ、やさ-しい、すぐ-れる,
1986,与 ,與 ,,,ヨ、あた-える,
1987,予 ,豫 ,,,ヨ,
1988,余 ,餘 ,,,ヨ、あま-る、あま-す,
1989,誉 ,譽 ,,,ヨ、ほま-れ,
1990,預 ,,,,ヨ、あず-ける、あず-かる,
1991,幼 ,,,,ヨウ、おさな-い,
1992,用 ,,,,ヨウ、もち-いる,
1993,羊 ,,,,ヨウ、ひつじ,
1994,妖 ,,,,ヨウ、あや-しい,
1995,洋 ,,,,ヨウ,
1996,要 ,,,,ヨウ、かなめ、い-る,
1997,容 ,,,,ヨウ,
1998,庸 ,,,,ヨウ,
1999,揚 ,,,,ヨウ、あ-げる、あ-がる,
2000,揺 ,搖 ,,,ヨウ、ゆ-れる、ゆ-る、ゆ-らぐ、ゆ-るぐ、ゆ-する、ゆ-さぶる、ゆ-すぶる,
2001,葉 ,,,,ヨウ、は,
2002,陽 ,,,,ヨウ,
2003,溶 ,,,,ヨウ、と-ける、と-かす、と-く,
2004,腰 ,,,,ヨウ、こし,
2005,様 ,樣 ,,,ヨウ、さま,
2006,瘍 ,,,,ヨウ,
2007,踊 ,,,,ヨウ、おど-る、おど-り,
2008,窯 ,,,,ヨウ、かま,
2009,養 ,,,,ヨウ、やしな-う,
2010,擁 ,,,,ヨウ,
2011,謡 ,謠 ,,,ヨウ、うたい、うた-う,
2012,曜 ,,,,ヨウ,
2013,抑 ,,,,ヨク、おさ-える,
2014,沃 ,,,,ヨク,
2015,浴 ,,,,ヨク、あ-びる、あ-びせる,
2016,欲 ,,,,ヨク、ほっ-する、ほ-しい,
2017,翌 ,,,,ヨク,
2018,翼 ,,,,ヨク、つばさ,
2019,拉 ,,,,ラ,
2020,裸 ,,,,ラ、はだか,
2021,羅 ,,,,ラ,
2022,来 ,來 ,,,ライ、く-る、きた-る、きた-す,
2023,雷 ,,,,ライ、かみなり,
2024,頼 ,賴 ,,,ライ、たの-む、たの-もしい、たよ-る,
2025,絡 ,,,,ラク、から-む、から-まる、から-める,
2026,落 ,,,,ラク、お-ちる、お-とす,
2027,酪 ,,,,ラク,
2028,辣 ,,,,ラツ,
2029,乱 ,亂 ,,,ラン、みだ-れる、みだ-す,
2030,卵 ,,,,ラン、たまご,
2031,覧 ,覽 ,,,ラン,
2032,濫 ,,,,ラン,
2033,藍 ,,,,ラン、あい,
2034,欄 ,欄 [6] ,,,ラン,
2035,吏 ,,,,リ,
2036,利 ,,,,リ、き-く,
2037,里 ,,,,リ、さと,
2038,理 ,,,,リ,
2039,痢 ,,,,リ,
2040,裏 ,,,,リ、うら,
2041,履 ,,,,リ、は-く,
2042,璃 ,,,,リ,
2043,離 ,,,,リ、はな-れる、はな-す,
2044,陸 ,,,,リク,
2045,立 ,,,,リツ、（リュウ）、た-つ、た-てる,
2046,律 ,,,,リツ、（リチ）,
2047,慄 ,,,,リツ,
2048,略 ,,,,リャク,
2049,柳 ,,,,リュウ、やなぎ,
2050,流 ,,,,リュウ、（ル）、なが-れる、なが-す,
2051,留 ,,,,リュウ、（ル）、と-める、と-まる,
2052,竜 ,龍 ,,,リュウ、たつ,
2053,粒 ,,,,リュウ、つぶ,
2054,隆 ,隆 [6] ,,,リュウ,
2055,硫 ,,,,リュウ,
2056,侶 ,,,,リョ,
2057,旅 ,,,,リョ、たび,
2058,虜 ,虜 [6] ,,,リョ,
2059,慮 ,,,,リョ,
2060,了 ,,,,リョウ,
2061,両 ,兩 ,,,リョウ,
2062,良 ,,,,リョウ、よ-い,
2063,料 ,,,,リョウ,
2064,涼 ,,,,リョウ、すず-しい、すず-む,
2065,猟 ,獵 ,,,リョウ,
2066,陵 ,,,,リョウ、みささぎ,
2067,量 ,,,,リョウ、はか-る,
2068,僚 ,,,,リョウ,
2069,領 ,,,,リョウ,
2070,寮 ,,,,リョウ,
2071,療 ,,,,リョウ,
2072,瞭 ,,,,リョウ,
2073,糧 ,,,,リョウ、（ロウ）、かて,
2074,力 ,,,,リョク、リキ、ちから,
2075,緑 ,綠 ,,,リョク、（ロク）、みどり,
2076,林 ,,,,リン、はやし,
2077,厘 ,,,,リン,
2078,倫 ,,,,リン,
2079,輪 ,,,,リン、わ,
2080,隣 ,,,,リン、とな-る、となり,
2081,臨 ,,,,リン、のぞ-む,
2082,瑠 ,,,,ル,
2083,涙 ,淚 ,,,ルイ、なみだ,
2084,累 ,,,,ルイ,
2085,塁 ,壘 ,,,ルイ,
2086,類 ,類 [6] ,,,ルイ、たぐ-い,
2087,令 ,,,,レイ,
2088,礼 ,禮 ,,,レイ、ライ,
2089,冷 ,,,,レイ、つめ-たい、ひ-える、ひ-や、ひ-やす、ひ-やかす、さ-める、さ-ます,
2090,励 ,勵 ,,,レイ、はげ-む、はげ-ます,
2091,戻 ,戾 ,,,レイ、もど-す、もど-る,
2092,例 ,,,,レイ、たと-える,
2093,鈴 ,,,,レイ、リン、すず,
2094,零 ,,,,レイ,
2095,霊 ,靈 ,,,レイ、リョウ、たま,
2096,隷 ,,,,レイ,
2097,齢 ,齡 ,,,レイ,
2098,麗 ,,,,レイ、うるわ-しい,
2099,暦 ,曆 ,,,レキ、こよみ,
2100,歴 ,歷 ,,,レキ,
2101,列 ,,,,レツ,
2102,劣 ,,,,レツ、おと-る,
2103,烈 ,,,,レツ,
2104,裂 ,,,,レツ、さ-く、さ-ける,
2105,恋 ,戀 ,,,レン、こ-う、こい、こい-しい,
2106,連 ,,,,レン、つら-なる、つら-ねる、つ-れる,
2107,廉 ,,,,レン,
2108,練 ,練 [6] ,,,レン、ね-る,
2109,錬 ,鍊 ,,,レン,
2110,呂 ,,,,ロ,
2111,炉 ,爐 ,,,ロ,
2112,賂 ,,,,ロ,
2113,路 ,,,,ロ、じ,
2114,露 ,,,,ロ、（ロウ）、つゆ,
2115,老 ,,,,ロウ、お-いる、ふ-ける,
2116,労 ,勞 ,,,ロウ,
2117,弄 ,,,,ロウ、もてあそ-ぶ,
2118,郎 ,郞 ,,,ロウ,
2119,朗 ,朗 [6] ,,,ロウ、ほが-らか,
2120,浪 ,,,,ロウ,
2121,廊 ,廊 [6] ,,,ロウ,
2122,楼 ,樓 ,,,ロウ,
2123,漏 ,,,,ロウ、も-る、も-れる、も-らす,
2124,籠 [9] ,,,,ロウ、かご、こ-もる,
2125,六 ,,,,ロク、む、む-つ、むっ-つ、（むい）,
2126,録 ,錄 ,,,ロク,
2127,麓 ,,,,ロク、ふもと,
2128,論 ,,,,ロン,
2129,和 ,,,,ワ、（オ）、やわ-らぐ、やわ-らげる、なご-む、なご-やか,
2130,話 ,,,,ワ、はな-す、はなし,
2131,賄 ,,,,ワイ、まかな-う,
2132,脇 ,,,,わき,
2133,惑 ,,,,ワク、まど-う,
2134,枠 ,,,,わく,
2135,湾 ,灣 ,,,ワン,
2136,腕 ,,,,ワン、うで ,
